10,20,30,40,50,60,70,80,90,100,110,120,130,140,150,160,170,180,190,200,210,220,230,240,250,260,270,280,290,300,310,320,330,340,350,360,370,380,390,400,410,420,430,440,450,460,470,480,490,500,510,520,530,540,550,560,570,580,590,600
0,0,0,0,0,0,0,0,0,0,0,0,0,0,0,0,0,0,0,0,0,0,0,0,0,0,0,0,0,0,0,0,0,0,0,0,0,0,0,0,0,0,0,0,0,0,0,0,0,0,0,0,0,0,0,0,0,0,0,0
0,0,0,0,0,0,0,0,0,0,0,0,0,0,0,0,0,0,0,0,0,0,0,0,0,0,0,0,0,0,0,0,0,0,0,0,0,0,0,0,0,0,0,0,0,0,0,0,0,0,0,0,0,0,0,0,0,0,0,0
0,0,0,0,0,0,0,0,0,0,0,0,0,0,0,0,0,0,0,0,0,0,0,0,0,0,0,0,0,0,0,0,0,0,0,0,0,0,0,0,0,0,0,1,0,0,0,0,0,0,0,0,0,0,0,0,0,0,0,0
0,0,0,0,0,0,0,0,0,0,0,0,0,0,0,0,0,0,0,0,0,0,0,0,0,0,0,0,0,0,0,0,0,0,0,0,0,0,0,0,0,0,0,1,0,0,0,0,0,0,0,0,0,0,0,0,1,0,0,0
0,0,0,0,0,0,0,0,0,0,0,0,0,0,0,0,0,0,0,0,0,0,0,0,0,0,0,0,0,0,0,0,0,0,0,0,0,0,0,0,0,0,0,1,0,0,0,0,0,0,0,0,0,0,0,0,0,0,0,0
0,0,0,0,0,0,0,0,0,0,0,0,0,0,0,0,0,0,0,0,0,0,0,0,0,0,0,0,0,0,0,0,0,0,0,0,0,0,1,0,0,0,0,0,0,0,0,0,0,0,0,0,0,0,0,0,0,0,0,2
0,0,0,0,0,0,0,0,0,0,0,0,0,0,0,0,0,0,0,0,0,0,0,0,0,0,0,0,0,0,0,0,0,0,0,0,0,0,0,0,0,0,0,1,0,0,0,0,0,0,0,0,1,0,0,0,0,1,1,0
0,0,0,0,0,0,0,0,0,0,0,0,0,0,0,0,0,0,0,0,0,0,0,0,0,0,0,0,0,0,0,0,0,0,0,0,0,1,0,0,0,0,0,0,0,0,0,0,2,0,0,1,2,0,0,1,0,0,1,2
0,0,0,0,0,0,0,0,0,0,0,0,0,0,0,0,0,0,0,0,0,0,0,0,0,0,0,0,0,0,0,0,0,0,0,0,0,0,0,0,0,0,0,0,0,0,0,0,3,0,0,1,1,0,0,1,0,0,1,0
0,0,0,0,0,0,0,0,0,0,0,0,0,0,0,0,0,0,0,0,0,0,0,0,0,0,0,0,0,0,0,0,0,0,0,0,0,0,0,0,0,0,0,0,1,0,0,0,3,1,0,0,2,0,0,1,0,1,1,0
0,0,0,0,0,0,0,0,0,0,0,0,0,0,0,0,0,0,0,0,0,0,0,0,0,0,0,0,0,0,0,0,0,0,0,0,0,0,0,0,0,1,0,0,2,0,0,0,4,1,0,1,3,0,1,2,1,2,0,0
0,0,0,0,0,0,0,0,0,0,0,0,0,0,0,0,0,0,0,0,0,0,0,0,0,0,0,0,0,0,0,0,0,0,0,0,0,0,0,0,0,1,0,0,2,0,0,0,4,1,0,1,2,0,1,0,1,1,1,0
0,0,0,0,0,0,0,0,0,0,0,0,0,0,0,0,0,0,0,0,0,0,0,0,0,0,0,0,0,0,0,0,0,0,0,0,0,0,0,0,0,1,0,0,1,0,1,0,3,0,0,0,2,0,2,2,0,0,2,0
0,0,0,0,0,0,0,0,0,0,0,0,0,0,0,0,0,0,0,0,0,0,0,0,0,0,0,0,0,0,0,0,0,0,0,0,0,0,0,0,0,0,0,0,2,0,1,0,3,0,1,0,2,0,2,1,0,2,2,1
0,0,0,0,0,0,0,0,0,0,0,0,0,0,0,0,0,0,0,0,0,0,0,0,0,0,0,0,0,0,0,0,0,0,0,0,0,0,0,0,1,1,0,0,1,0,1,0,3,1,2,1,2,0,2,0,0,3,1,2
0,0,0,0,0,0,0,0,0,0,0,0,0,0,0,0,0,0,0,0,0,0,0,0,0,0,0,0,0,0,0,0,0,0,0,0,0,0,0,0,2,0,0,0,1,0,1,0,3,0,1,0,2,0,1,0,1,1,3,0
0,0,0,0,0,0,0,0,0,0,0,0,0,0,0,0,0,0,0,0,0,0,0,0,0,0,0,0,0,0,0,0,0,0,0,0,0,0,0,0,2,0,0,0,1,0,0,1,3,0,1,0,2,0,0,0,1,2,2,0
0,0,0,0,0,0,0,0,0,0,0,0,0,0,0,0,0,0,0,0,0,0,0,0,0,0,0,0,0,0,0,0,0,0,0,0,0,0,0,0,0,0,0,0,1,0,0,0,5,0,1,0,2,1,1,2,0,0,2,0
0,0,0,0,0,0,0,0,0,0,0,0,0,0,0,0,0,0,0,0,0,0,0,0,0,0,0,0,0,0,0,0,0,0,0,0,0,0,0,0,1,0,0,0,1,0,0,0,3,0,1,0,1,0,0,0,0,0,1,0
0,0,0,0,0,0,0,0,0,0,0,0,0,0,0,0,0,0,0,0,0,0,0,0,0,0,0,0,0,0,0,0,0,0,0,0,0,0,0,0,0,1,0,0,2,1,0,0,4,0,1,0,1,1,1,0,1,0,1,0
0,0,0,0,0,0,0,0,0,0,0,0,0,0,0,0,0,0,0,0,0,0,0,0,0,0,0,0,0,0,0,0,0,0,0,0,0,0,0,0,0,1,0,0,1,1,0,0,6,0,2,0,2,1,1,0,0,0,1,1
0,0,0,0,0,0,0,0,0,0,0,0,0,0,0,0,0,0,0,0,0,0,0,0,0,0,0,0,0,0,0,0,0,0,0,0,0,0,0,0,0,1,0,0,1,0,0,0,5,0,4,0,1,2,1,0,1,0,1,2
0,0,0,0,0,0,0,0,0,0,0,0,0,0,0,0,0,0,0,0,0,0,0,0,0,0,0,0,0,0,0,0,0,0,0,0,0,0,0,0,0,0,0,0,1,1,0,0,5,0,3,0,1,2,0,0,1,0,1,2
0,0,0,0,0,0,0,0,0,0,0,0,0,0,0,0,0,0,0,0,0,0,0,0,0,0,0,0,0,0,0,0,0,0,0,0,0,0,0,0,0,0,0,0,3,1,0,0,5,0,3,0,2,2,0,0,2,0,1,0
0,0,0,0,0,0,0,0,0,0,0,0,0,0,0,0,0,0,0,0,0,0,0,0,0,0,0,0,0,0,0,0,0,0,0,0,0,0,0,0,0,0,0,0,3,0,0,0,5,0,3,0,2,1,1,0,3,0,2,2
0,0,0,0,0,0,0,0,0,0,0,0,0,0,0,0,0,0,0,0,0,0,0,0,0,0,0,0,0,0,0,0,0,0,0,1,0,0,0,0,0,0,0,0,2,0,0,0,4,0,2,0,2,0,1,0,4,0,2,2
0,0,0,0,0,0,0,0,0,0,0,0,0,0,0,0,0,0,0,0,0,0,0,0,0,0,0,0,0,0,0,0,0,0,0,2,0,0,0,0,0,1,0,0,2,0,0,2,5,0,2,0,3,1,0,1,4,0,3,2
0,0,0,0,0,0,0,0,0,0,0,0,0,0,0,0,0,0,0,0,0,0,0,0,0,0,0,0,0,0,0,0,0,0,0,1,0,0,0,0,0,0,0,1,2,0,0,1,4,0,3,0,3,0,0,0,4,1,3,3
0,0,0,0,0,0,0,0,0,0,0,0,0,0,0,0,0,0,0,0,0,0,0,0,0,0,0,0,0,0,0,0,0,0,0,0,0,0,0,0,0,0,0,0,3,0,1,1,5,0,3,0,3,1,0,1,4,1,2,3
0,0,0,0,0,0,0,0,0,0,0,0,0,0,0,0,0,0,0,0,0,0,0,0,0,0,0,0,0,0,0,0,0,0,0,1,0,0,0,0,0,0,0,0,3,0,2,1,4,1,3,1,3,1,1,0,5,1,4,2
0,0,0,0,0,0,0,0,0,0,0,0,0,0,0,0,0,0,0,0,0,0,0,0,0,0,0,0,0,0,0,0,0,0,0,1,0,0,0,0,2,0,0,0,3,0,0,1,4,1,4,2,3,2,0,1,4,2,3,2
0,0,0,0,0,0,0,0,0,0,0,0,0,0,0,0,0,0,0,0,0,0,0,0,0,0,0,0,0,0,0,0,0,0,0,1,0,0,0,0,2,0,0,0,3,0,2,2,4,0,5,2,2,1,1,1,5,3,4,2
0,0,0,0,0,0,0,0,0,0,0,0,0,0,0,0,0,0,0,0,0,0,0,0,0,0,0,0,0,0,0,0,0,0,0,0,1,0,0,0,2,0,0,0,1,0,1,0,4,0,4,2,2,2,2,1,4,3,5,3
0,0,0,0,0,0,0,0,0,0,0,0,0,0,0,0,0,0,0,0,0,0,0,0,0,0,0,0,0,0,0,0,0,0,0,0,1,0,0,0,2,0,0,0,1,0,1,2,3,0,3,3,2,2,2,0,4,4,4,2
0,0,0,0,0,0,0,0,0,0,0,0,0,0,0,0,0,0,0,0,0,0,0,0,0,0,0,0,0,0,0,0,0,0,0,1,1,1,0,0,0,0,0,0,1,0,0,0,3,0,3,1,2,3,1,0,3,4,4,2
0,0,0,0,0,0,0,0,0,0,0,0,0,0,0,0,0,0,0,0,0,0,0,0,0,0,0,0,0,0,0,0,0,0,0,1,2,1,0,0,0,0,0,0,0,1,0,1,2,0,2,2,2,2,0,0,4,4,4,3
0,0,0,0,0,0,0,0,0,0,0,0,0,0,0,0,0,0,0,0,0,0,0,0,0,0,0,0,0,0,0,0,0,0,0,0,3,1,0,0,0,0,0,0,1,1,0,1,2,0,3,1,1,2,0,0,4,6,4,2
0,0,0,0,0,0,0,0,0,0,0,0,0,0,0,0,0,0,0,0,0,0,0,0,0,0,0,0,0,0,0,0,0,0,0,0,2,0,0,1,0,0,0,1,0,0,0,1,2,0,3,1,1,3,1,0,4,5,2,3
0,0,0,0,0,0,0,0,0,0,0,0,0,0,0,0,0,0,0,0,0,0,0,0,0,0,0,0,0,0,0,0,0,0,0,0,3,0,0,1,0,0,0,1,0,2,0,2,2,0,2,1,0,4,1,0,5,6,2,4
0,0,0,0,0,0,0,0,0,0,0,0,0,0,0,0,0,0,0,0,0,0,0,0,0,0,0,0,0,0,0,0,0,0,0,0,3,0,0,1,0,0,0,2,0,1,0,1,1,0,1,1,0,2,1,0,3,5,3,4
0,0,0,0,0,0,0,0,0,0,0,0,0,0,0,0,0,0,0,0,0,0,0,0,0,0,0,0,0,0,0,0,0,0,0,0,2,0,0,1,0,0,0,1,0,0,1,1,0,0,3,0,0,2,1,0,4,5,4,5
0,0,0,0,0,0,0,0,0,0,0,0,0,0,0,0,0,0,0,0,0,0,0,0,0,0,0,0,0,0,0,0,0,2,0,0,2,0,0,0,0,0,0,0,0,0,0,0,0,1,2,2,0,1,1,0,3,6,3,4
0,0,0,0,0,0,0,0,0,0,0,0,0,0,0,0,0,0,0,0,0,0,0,0,0,0,0,0,0,0,0,0,0,3,0,0,1,0,0,0,0,0,0,0,0,0,0,0,0,1,2,2,0,1,0,1,3,7,4,5
0,0,0,0,0,0,0,0,0,0,0,0,0,0,0,0,0,0,0,0,0,0,0,0,0,0,0,0,0,0,0,0,0,1,0,0,1,0,0,0,0,0,0,0,0,0,0,0,0,0,2,1,0,1,1,0,1,6,3,5
0,0,0,0,0,0,0,0,0,0,0,0,0,0,0,0,0,0,0,0,0,0,0,0,0,0,0,0,0,0,0,0,0,2,0,0,1,0,0,0,0,0,0,0,0,0,0,0,0,1,0,0,0,1,1,1,2,6,3,6
0,0,0,0,0,0,0,0,0,0,0,0,0,0,0,0,0,0,0,0,0,0,0,0,0,0,0,0,0,0,0,0,0,0,0,0,0,0,0,0,0,0,0,0,0,0,0,0,0,1,1,0,0,0,2,0,1,6,3,5
0,0,0,0,0,0,0,0,0,0,0,0,0,0,0,0,0,0,0,0,0,0,0,0,0,0,0,0,0,0,0,0,0,0,0,0,0,0,0,0,0,0,0,0,0,0,0,0,0,1,1,0,0,1,3,0,2,5,3,6
0,0,0,0,0,0,0,0,0,0,0,0,0,0,0,0,0,0,0,0,0,0,0,0,0,0,0,0,0,0,0,1,0,0,0,0,1,0,0,0,0,0,0,0,0,0,0,0,0,1,1,0,0,0,2,1,3,5,2,7
0,0,0,0,0,0,0,0,0,0,0,0,0,0,0,0,0,0,0,0,0,0,0,0,0,0,0,0,0,0,0,1,0,0,0,0,1,0,0,0,0,1,1,0,0,0,0,0,0,2,1,0,0,0,2,0,1,5,4,6
0,0,0,0,0,0,0,0,0,0,0,0,0,0,0,0,0,0,0,0,0,0,0,0,0,0,0,0,0,0,0,0,0,0,0,0,0,0,0,0,0,1,2,0,0,0,0,0,0,1,0,0,0,0,2,1,2,4,3,6
0,0,0,0,0,0,0,0,0,0,0,0,0,0,0,0,0,0,0,0,0,0,0,0,0,0,0,0,0,0,0,0,0,0,0,0,0,0,0,0,0,2,1,0,1,0,0,0,0,1,0,0,0,0,2,1,2,4,3,6
0,0,0,0,0,0,0,0,0,0,0,0,0,0,0,0,0,0,0,0,0,0,0,0,0,0,0,0,0,0,0,0,0,0,0,0,1,0,0,0,0,2,0,0,0,0,0,0,0,0,0,0,0,0,1,1,2,5,3,6
0,0,0,0,0,0,0,0,0,0,0,0,0,0,0,0,0,0,0,0,0,0,0,0,0,0,0,0,0,0,0,0,0,0,0,0,1,0,0,0,0,1,1,0,0,0,0,0,0,0,0,0,0,0,0,1,1,4,2,6
0,0,0,0,0,0,0,0,0,0,0,0,0,0,0,0,0,0,0,0,0,0,0,0,0,0,0,0,0,0,0,0,0,0,1,0,0,0,0,0,0,2,1,1,0,0,0,0,0,0,2,0,0,0,0,1,1,4,1,6
0,0,0,0,0,0,0,0,0,0,0,0,0,0,0,0,0,0,0,0,0,0,0,0,0,0,0,0,0,0,0,0,0,0,1,0,0,0,0,0,0,0,1,0,0,0,0,0,1,0,4,0,0,0,0,0,1,3,1,5
0,0,0,0,0,0,0,0,0,0,0,0,0,0,0,0,0,0,0,0,0,0,0,0,0,0,0,0,0,0,0,0,0,0,0,0,0,0,0,0,0,0,1,1,1,0,0,0,1,0,3,0,1,0,0,0,1,2,0,6
0,0,0,0,0,0,0,0,0,0,0,0,0,0,0,0,0,0,0,0,0,0,0,0,0,0,0,0,0,0,0,0,0,0,0,0,0,0,0,0,0,0,1,0,0,0,0,0,1,0,3,0,3,1,0,0,1,2,2,5
0,0,0,0,0,0,0,0,0,0,0,0,0,0,0,0,0,0,0,0,0,0,0,0,0,0,0,0,0,0,0,0,0,0,0,0,0,0,0,0,0,0,1,0,0,0,0,0,0,1,2,0,2,0,0,0,2,3,1,4
0,0,0,0,0,0,0,0,0,0,0,0,0,0,0,0,0,0,0,0,0,0,0,0,0,0,0,0,0,0,0,0,0,0,0,0,0,1,0,0,0,0,1,0,0,0,0,0,0,1,3,0,2,0,0,0,3,2,1,5
0,0,0,0,0,0,0,0,0,0,0,0,0,0,0,0,0,0,0,0,0,0,0,0,0,0,0,0,0,0,0,0,0,0,0,0,0,1,0,0,0,0,1,0,0,0,0,0,0,0,2,0,1,0,2,1,3,3,3,5
0,0,0,0,0,0,0,0,0,0,0,0,0,0,0,0,0,0,0,0,0,0,0,0,0,0,0,0,0,0,0,0,0,0,0,0,0,0,0,0,0,0,1,0,0,0,0,1,0,0,2,0,0,0,2,0,3,3,1,4
0,0,0,0,0,0,0,0,0,0,0,0,0,0,0,0,0,0,0,0,0,0,0,0,0,0,0,0,0,0,0,0,0,0,0,0,0,0,0,0,0,0,0,0,0,1,0,2,0,1,1,0,1,0,1,0,3,2,3,3
0,0,0,0,0,0,0,0,0,0,0,0,0,0,0,0,0,0,0,0,0,0,0,0,0,0,0,0,0,0,0,0,0,0,0,0,0,0,0,0,0,0,0,0,0,0,0,2,0,1,2,0,1,0,0,0,4,3,3,3
0,0,0,0,0,0,0,0,0,0,0,0,0,0,0,0,0,0,0,0,0,0,0,0,0,0,0,0,0,0,0,0,0,0,0,0,0,0,0,0,0,0,0,0,0,0,0,2,1,1,1,0,2,0,0,0,2,2,4,1
0,0,0,0,0,0,0,0,0,0,0,0,0,0,0,0,0,0,0,0,0,0,0,0,0,0,0,0,0,0,0,0,0,0,0,0,0,0,0,0,0,1,0,0,0,0,0,1,1,0,2,0,2,0,0,0,2,3,3,2
0,0,0,0,0,0,0,0,0,0,0,0,0,0,0,0,0,0,0,0,0,0,0,0,0,0,0,0,0,0,0,0,0,0,0,0,0,0,0,0,0,0,0,0,0,0,0,2,1,0,1,0,2,0,1,1,1,2,4,3
0,0,0,0,0,0,0,0,0,0,0,0,0,0,0,0,0,0,0,0,0,0,0,0,0,0,0,0,0,0,0,0,0,0,0,0,0,0,0,0,0,1,0,0,0,0,0,1,0,1,1,0,2,0,1,1,1,1,4,4
0,0,0,0,0,0,0,0,0,0,0,0,0,0,0,0,0,0,0,0,0,0,0,0,0,0,0,0,0,0,0,0,0,0,0,0,0,0,0,0,0,0,0,0,0,0,0,0,1,3,0,0,1,0,1,1,1,0,4,4
0,0,0,0,0,0,0,0,0,0,0,0,0,0,0,0,0,0,0,0,0,0,0,0,0,0,0,0,0,0,0,0,0,0,0,0,0,0,0,0,0,0,0,0,0,0,0,0,1,4,0,0,2,0,2,2,0,0,4,3
0,0,0,0,0,0,0,0,0,0,0,0,0,0,0,0,0,0,0,0,0,0,0,0,0,0,0,0,0,0,0,0,0,0,0,0,0,0,0,0,0,0,1,0,1,0,0,0,1,3,0,0,2,1,2,3,0,0,4,5
0,0,0,0,0,0,0,0,0,0,0,0,0,0,0,0,0,0,0,0,0,0,0,0,0,0,0,0,0,0,0,0,0,0,0,0,0,0,0,1,0,0,0,0,1,0,0,0,0,6,0,0,2,1,2,4,0,0,4,5
0,0,0,0,0,0,0,0,0,0,0,0,0,0,0,0,0,0,0,0,0,0,0,0,0,0,0,0,0,0,0,0,0,0,0,0,0,0,0,1,0,0,0,0,0,0,0,0,0,6,1,0,4,2,1,3,0,0,4,5
0,0,0,0,0,0,0,0,0,0,0,0,0,0,0,0,0,0,0,0,0,0,0,0,0,0,0,0,0,0,0,0,0,0,0,0,0,0,0,2,0,1,0,0,1,1,0,0,0,5,1,0,3,2,1,4,0,0,4,4
0,0,0,0,0,0,0,0,0,0,0,0,0,0,0,0,0,0,0,0,0,0,0,0,0,0,0,0,0,0,0,0,0,0,0,0,0,0,0,1,0,1,0,0,0,2,0,0,0,5,2,0,4,2,0,3,1,0,4,5
0,0,0,0,0,0,0,0,0,0,0,0,0,0,0,0,0,0,0,0,0,0,0,0,0,0,0,0,0,0,0,0,0,0,0,0,0,0,0,0,0,0,0,0,0,1,0,1,0,3,0,0,3,3,0,3,0,0,4,4
0,0,0,0,0,0,0,0,0,0,0,0,0,0,0,0,0,0,0,0,0,0,0,0,0,0,0,0,0,0,0,0,0,0,0,0,0,0,0,0,0,0,0,0,0,0,0,1,0,4,1,0,3,2,0,3,1,0,5,4
0,0,0,0,0,0,0,0,0,0,0,0,0,0,0,0,0,0,0,0,0,0,0,0,0,0,0,0,0,0,0,0,0,0,0,0,0,0,0,0,0,0,0,0,0,1,1,1,0,4,2,0,3,3,0,3,1,0,4,3
0,0,0,0,0,0,0,0,0,0,0,0,0,0,0,0,0,0,0,0,0,0,0,0,0,0,0,0,0,0,0,0,0,0,0,0,0,0,0,0,0,0,0,0,0,0,0,1,0,4,1,0,4,2,1,2,1,1,5,3
0,0,0,0,0,0,0,0,0,0,0,0,0,0,0,0,0,0,0,0,0,0,0,0,0,0,0,0,0,0,0,0,0,0,0,0,0,0,0,0,0,0,0,1,0,0,0,0,0,4,2,1,3,2,0,3,1,2,4,3
0,0,0,0,0,0,0,0,0,0,0,0,0,0,0,0,0,0,0,0,0,0,0,0,0,0,0,0,0,0,0,0,0,0,0,0,0,0,0,1,1,1,0,1,0,0,1,0,0,3,2,0,4,2,0,3,0,3,4,3
0,0,0,0,0,0,0,0,0,0,0,0,0,0,0,0,0,0,0,0,0,0,0,0,0,0,0,0,0,0,0,0,0,0,0,0,0,0,0,1,0,1,0,2,0,0,0,0,0,2,2,0,4,2,0,4,0,3,4,3
0,0,0,0,0,0,0,0,0,0,0,0,0,0,0,0,0,0,0,0,0,0,0,0,0,0,0,0,0,0,0,0,0,0,0,0,0,0,0,0,0,1,0,1,0,0,2,0,0,2,2,0,3,2,0,2,0,3,4,3
0,0,0,0,0,0,0,0,0,0,0,0,0,0,0,0,0,0,0,0,0,0,0,0,0,0,0,0,0,0,0,0,0,0,0,0,0,0,0,0,0,1,0,2,0,1,1,0,0,3,3,0,2,0,0,2,0,4,5,4
0,0,0,0,0,0,0,0,0,0,0,0,0,0,0,0,0,0,0,0,0,0,0,0,0,0,0,0,0,0,0,0,0,0,0,0,0,0,0,0,0,1,1,2,0,0,1,0,0,0,5,0,3,1,1,2,0,3,4,3
0,0,0,0,0,0,0,0,0,0,0,0,0,0,0,0,0,0,0,0,0,0,0,0,0,0,0,0,0,0,0,0,0,0,0,0,0,0,0,0,0,0,0,1,0,0,0,0,0,1,4,0,2,0,0,3,0,3,4,4
0,0,0,0,0,0,0,0,0,0,0,0,0,0,0,0,0,0,0,0,0,0,0,0,0,0,0,0,0,0,0,0,0,0,0,0,0,0,0,0,0,0,0,0,0,0,0,0,0,3,4,0,2,0,0,2,0,2,4,4
0,0,0,0,0,0,0,0,0,0,0,0,0,0,0,0,0,0,0,0,0,0,0,0,0,0,0,0,0,0,0,0,0,0,0,0,0,0,0,0,0,0,0,1,1,0,0,0,0,1,4,0,1,0,0,2,0,3,5,4
0,0,0,0,0,0,0,0,0,0,0,0,0,0,0,0,0,0,0,0,0,0,0,0,0,0,0,0,0,0,0,0,0,0,0,0,0,0,0,0,0,0,0,1,0,0,0,0,0,2,4,2,1,0,0,2,0,2,6,4
0,0,0,0,0,0,0,0,0,0,0,0,0,0,0,0,0,0,0,0,0,0,0,0,0,0,0,0,0,0,0,0,0,0,0,0,0,0,0,0,0,1,0,1,1,0,0,0,0,4,4,1,0,0,1,3,0,2,6,4
0,0,0,0,0,0,0,0,0,0,0,0,0,0,0,0,0,0,0,0,0,0,0,0,0,0,0,0,0,0,0,0,0,0,0,0,0,0,0,0,0,2,0,0,1,0,0,0,0,2,4,2,0,0,3,2,0,2,6,4
0,0,0,0,0,0,0,0,0,0,0,0,0,0,0,0,0,0,0,0,0,0,0,0,0,0,0,0,0,0,0,0,0,0,0,0,0,0,0,0,0,1,0,0,1,0,0,0,0,3,4,1,0,0,1,2,2,2,6,3
0,0,0,0,0,0,0,0,0,0,0,0,0,0,0,0,0,0,0,0,0,0,0,0,0,0,0,0,0,0,0,0,0,0,0,0,0,0,0,0,0,0,0,0,2,0,0,0,0,3,4,3,0,0,2,2,1,2,7,3
0,0,0,0,0,0,0,0,0,0,0,0,0,0,0,0,0,0,0,0,0,0,0,0,0,0,0,0,0,0,0,0,0,0,0,0,0,0,0,0,0,1,0,0,2,0,0,0,0,2,4,3,0,1,1,3,2,3,6,2
0,0,0,0,0,0,0,0,0,0,0,0,0,0,0,0,0,0,0,0,0,0,0,0,0,0,0,0,0,0,0,0,0,0,0,0,0,1,0,0,1,0,0,0,1,0,0,0,0,3,4,2,1,1,2,2,1,2,7,2
0,0,0,0,0,0,0,0,0,0,0,0,0,0,0,0,0,0,0,0,0,0,0,0,0,0,0,0,0,0,0,0,0,0,0,0,0,0,0,0,2,0,0,0,1,0,0,0,0,1,4,2,0,1,3,3,1,1,7,2
0,0,0,0,0,0,0,0,0,0,0,0,0,0,0,0,0,0,0,0,0,0,0,0,0,0,0,0,0,0,0,0,1,0,0,0,0,0,0,0,1,0,0,0,0,0,0,0,0,0,4,1,0,1,0,4,2,1,7,3
0,0,0,0,0,0,0,0,0,0,0,0,0,0,0,0,0,0,0,0,0,0,0,0,0,0,0,0,0,0,0,0,0,0,0,0,0,0,0,0,0,0,0,0,0,0,0,1,0,0,2,1,0,0,1,2,2,0,8,4
0,0,0,0,0,0,0,0,0,0,0,0,0,0,0,0,0,0,0,0,0,0,0,0,0,0,0,0,0,0,0,0,0,0,0,0,0,0,0,0,0,0,0,0,0,0,0,0,0,0,3,1,0,0,1,3,2,1,9,4
0,0,0,0,0,0,0,0,0,0,0,0,0,0,0,0,0,0,0,0,0,0,0,0,0,0,0,0,0,0,0,0,0,0,0,0,0,0,1,0,0,0,0,0,0,0,1,0,0,0,2,2,0,0,0,2,2,1,8,4
0,0,0,0,0,0,0,0,0,0,0,0,0,0,0,0,0,0,0,0,0,0,0,0,0,0,0,0,0,0,0,0,0,0,0,0,0,0,0,0,0,0,0,0,0,0,0,0,0,0,2,2,0,0,1,4,2,1,9,5
0,0,0,0,0,0,0,0,0,0,0,0,0,0,0,0,0,0,0,0,0,0,0,0,0,0,0,0,0,0,0,0,0,0,0,0,0,0,0,0,0,0,0,0,0,1,0,0,0,0,2,1,0,1,2,4,2,1,9,3
0,0,0,0,0,0,0,0,0,0,0,0,0,0,0,0,0,0,0,0,0,0,0,0,0,0,0,0,0,0,0,0,0,0,0,0,0,0,0,0,0,0,0,0,0,0,0,0,0,0,2,1,0,2,2,3,2,1,9,6
0,0,0,0,0,0,0,0,0,0,0,0,0,0,0,0,0,0,0,0,0,0,0,0,0,0,0,0,0,0,0,0,0,0,0,0,0,0,0,0,0,0,0,0,3,0,0,0,0,0,1,0,0,2,2,4,0,0,10,6
0,0,0,0,0,0,0,0,0,0,0,0,0,0,0,0,0,0,0,0,0,0,0,0,0,0,0,0,0,0,0,0,0,0,0,0,0,0,0,0,1,0,0,0,2,1,0,0,0,0,1,0,0,1,1,5,1,1,10,6
0,0,0,0,0,0,0,0,0,0,0,0,0,0,0,0,0,0,0,0,0,0,0,0,0,0,0,0,0,0,0,0,0,0,0,0,0,0,0,0,1,0,0,0,3,0,0,0,0,1,1,0,0,1,2,4,1,1,10,6
0,0,0,0,0,0,0,0,0,0,0,0,0,0,0,0,0,0,0,0,0,0,0,0,1,0,0,0,0,0,0,0,0,0,0,0,0,0,0,0,1,0,0,0,2,1,0,0,0,1,1,1,0,0,1,4,1,2,10,6
0,0,0,0,0,0,0,0,0,0,0,0,0,0,0,0,0,0,0,0,0,0,0,0,0,0,0,0,0,0,0,0,0,0,0,0,0,1,0,0,1,0,0,0,2,0,1,0,1,2,1,2,2,1,1,3,1,0,11,5
0,0,0,0,0,0,0,0,0,0,0,0,0,0,0,0,0,0,0,0,0,0,0,0,0,0,0,0,0,0,0,0,0,0,0,0,0,0,0,0,0,0,0,0,3,1,2,0,1,2,2,3,1,1,1,4,0,1,9,5
0,0,0,0,0,0,0,0,0,0,0,0,0,0,0,0,0,0,0,0,0,0,0,0,0,0,0,0,0,0,0,0,0,0,0,0,0,0,0,0,0,0,0,0,2,1,1,0,0,2,3,3,1,0,2,5,1,0,10,5
0,0,0,0,0,0,0,0,0,0,0,0,0,0,0,0,0,0,0,0,0,0,0,0,0,0,0,0,0,0,0,0,0,0,0,0,0,1,0,0,0,0,0,0,1,2,1,0,0,2,3,3,2,0,1,5,1,0,10,5
0,0,0,0,0,0,0,0,0,0,0,0,0,0,0,0,0,0,0,0,0,0,0,0,0,0,0,0,0,0,0,0,0,0,0,0,0,0,0,0,0,0,0,0,2,1,1,0,0,2,4,3,1,0,2,5,1,0,8,5
0,0,0,0,0,0,0,0,0,0,0,0,0,0,0,0,0,0,0,0,0,0,0,0,0,0,0,0,0,0,0,0,0,0,0,0,0,0,0,0,0,1,0,0,1,0,1,0,0,1,3,4,1,2,1,6,1,0,10,5
0,0,0,0,0,0,0,0,0,0,0,0,0,0,0,0,0,0,0,0,0,0,0,0,0,0,0,0,0,0,0,0,0,0,0,0,0,0,0,0,0,0,0,0,0,0,0,0,0,1,2,4,2,0,1,6,1,0,8,5
0,0,0,0,0,0,0,0,0,0,0,0,0,0,0,0,0,0,0,0,0,0,0,0,0,0,0,0,0,0,0,0,0,0,0,0,0,0,0,0,0,0,0,0,0,0,0,0,0,1,2,4,0,1,0,5,1,0,8,5
0,0,0,0,0,0,0,0,0,0,0,0,0,0,0,0,0,0,0,0,0,0,0,0,0,0,0,0,0,0,0,0,0,0,0,0,0,0,0,0,0,0,0,0,0,0,1,0,1,1,2,3,2,0,1,4,1,0,7,4
0,0,0,0,0,0,0,0,0,0,0,0,0,0,0,0,0,0,0,0,0,0,0,0,0,0,1,0,0,0,0,0,0,0,0,0,0,0,0,0,0,0,0,0,0,1,2,1,1,1,2,3,0,0,0,4,0,0,8,5
0,0,0,0,0,0,0,0,0,0,0,0,0,0,0,0,0,0,0,0,0,0,0,0,0,0,0,0,0,0,0,0,0,0,0,0,0,0,1,0,0,0,0,0,0,0,2,1,0,2,2,3,0,0,1,5,0,0,9,5
0,0,0,0,0,0,0,0,0,0,0,0,0,0,0,0,0,0,0,0,0,0,0,0,0,0,0,0,0,0,0,0,0,0,0,0,0,1,0,0,0,0,0,0,0,0,2,1,0,2,1,3,0,0,0,5,0,0,9,4
0,0,0,0,0,0,0,0,0,0,0,0,0,0,0,0,0,0,0,0,0,0,0,0,0,0,0,0,0,0,0,0,0,0,0,0,0,0,0,0,0,0,0,0,1,0,2,1,0,1,1,2,0,1,1,4,0,0,9,5
0,0,0,0,0,0,0,0,0,0,0,0,0,0,0,0,0,0,0,0,0,0,0,0,0,0,0,0,0,0,0,0,0,0,0,0,0,0,0,0,0,0,0,0,0,0,2,0,0,1,1,2,0,1,0,5,2,0,9,5
0,0,0,0,0,0,0,0,0,0,0,0,0,0,0,0,0,0,0,0,0,0,0,0,0,0,0,0,0,0,0,0,0,0,0,0,0,0,0,0,0,0,0,0,0,0,2,0,0,1,0,2,0,0,0,4,2,0,9,5
0,0,0,0,0,0,0,0,0,0,0,0,0,0,0,0,0,0,0,0,0,0,0,0,0,0,0,0,0,0,0,0,0,0,1,0,0,0,0,0,0,0,0,0,0,0,3,0,0,0,1,3,0,0,0,5,0,0,9,6
0,0,0,0,0,0,0,0,0,0,0,0,0,0,0,0,0,0,0,0,0,0,0,0,0,0,0,0,0,0,0,0,0,0,0,0,0,0,0,0,0,0,0,0,0,0,3,0,0,0,1,3,0,0,1,3,1,0,9,5
0,0,0,0,0,0,0,0,0,0,0,0,0,0,0,0,0,0,0,0,0,0,0,0,0,0,0,0,0,0,0,0,0,1,0,0,0,0,0,0,0,0,0,0,0,1,2,0,0,1,1,3,1,0,3,5,0,0,10,6
0,0,0,0,0,0,0,0,0,0,0,0,0,0,0,0,0,0,0,0,0,0,0,0,0,0,0,0,0,0,0,0,0,0,0,0,0,0,0,0,0,0,0,0,0,1,1,0,1,3,0,3,0,0,4,5,0,0,9,5
0,0,0,0,0,0,0,0,0,0,0,0,0,0,0,0,0,0,0,0,0,0,0,0,0,0,0,0,0,0,0,0,0,0,0,0,0,0,0,0,0,0,0,0,0,0,1,0,1,2,0,3,1,0,3,6,0,0,9,5
0,0,0,0,0,0,0,0,0,0,0,0,0,0,0,0,0,0,0,0,0,0,0,0,0,0,0,0,0,0,0,0,0,0,0,0,0,0,0,0,0,0,0,0,0,0,1,0,0,1,0,3,0,0,3,7,0,0,9,6
0,0,0,0,0,0,0,0,0,0,0,0,0,0,0,0,0,0,0,0,0,0,0,0,0,0,0,0,0,0,0,0,0,0,0,0,0,1,0,0,0,0,0,0,0,0,1,0,0,1,0,3,1,0,3,6,1,0,9,6
0,0,0,0,0,0,0,0,0,0,0,0,0,0,0,0,0,0,0,0,0,0,0,0,0,0,0,0,0,0,0,0,0,0,0,0,0,1,0,0,0,0,0,0,0,0,2,1,0,0,1,3,1,0,2,6,2,1,9,6
0,0,0,0,0,0,0,0,0,0,0,0,0,0,0,0,0,0,0,0,0,0,0,0,0,0,0,0,0,0,0,0,0,0,0,0,0,1,0,0,0,0,0,1,0,0,3,2,1,2,0,3,1,0,1,7,4,0,8,7
0,0,0,0,0,0,0,0,0,0,0,0,0,0,0,0,0,0,0,0,0,0,0,0,0,0,0,0,0,0,0,0,0,0,0,0,0,2,0,0,0,0,0,1,0,0,2,1,1,2,0,2,1,0,3,7,3,1,9,9
0,0,0,0,0,0,0,0,0,0,0,0,0,0,0,0,0,0,0,0,0,0,0,0,0,0,0,0,0,0,0,0,0,0,0,0,0,2,0,0,1,0,0,0,0,0,2,1,1,2,0,1,2,0,2,8,4,0,8,7
0,0,0,0,0,0,0,0,0,0,0,0,0,0,0,0,0,0,0,0,0,0,0,0,0,0,0,0,0,0,0,0,0,0,0,0,0,2,0,0,0,0,0,0,0,0,2,1,2,2,0,2,2,0,2,7,5,0,8,8
0,0,0,0,0,0,0,0,0,0,0,0,0,0,0,0,0,0,0,0,0,0,0,0,0,0,0,0,0,0,0,0,0,0,0,0,0,1,0,0,0,0,0,0,1,0,0,0,1,2,0,2,2,0,3,9,2,0,8,8
0,0,0,0,0,0,0,0,0,0,0,0,0,0,0,0,0,0,0,0,0,0,0,0,0,0,0,0,0,0,0,0,0,0,0,0,0,1,0,0,0,0,0,0,1,0,2,0,1,1,0,3,2,0,3,8,3,0,8,8
0,0,0,0,0,0,0,0,0,0,0,0,0,0,0,0,0,0,0,0,0,0,0,0,0,0,0,0,0,0,0,0,0,1,0,0,0,1,0,0,0,0,0,0,1,0,2,1,1,1,0,2,2,0,6,7,3,0,8,7
0,0,0,0,0,0,0,0,0,0,0,0,0,0,0,0,0,0,0,0,0,0,0,0,0,0,0,0,0,0,0,0,0,0,0,0,0,1,0,0,0,0,0,0,1,0,3,1,0,2,0,1,1,0,7,8,2,2,9,7
0,0,0,0,0,0,0,0,0,0,0,0,0,0,0,0,0,0,0,0,0,0,0,0,0,0,0,0,0,0,0,0,0,0,0,0,0,0,1,0,0,0,0,0,1,0,1,1,0,2,1,3,1,0,7,7,3,1,7,7
0,0,0,0,0,0,0,0,0,0,0,0,0,0,0,0,0,0,0,0,0,0,0,0,0,0,0,0,0,0,0,0,0,0,0,0,0,0,1,0,0,0,0,0,0,0,2,0,0,3,0,2,2,0,7,6,3,1,7,7
0,0,0,0,0,0,0,0,0,0,0,0,0,0,0,0,0,0,0,0,0,0,0,0,0,0,0,0,0,0,0,0,0,0,0,0,0,1,0,0,1,0,0,0,0,0,2,0,0,3,0,2,1,0,6,5,4,1,7,9
0,0,0,0,0,0,0,0,0,0,0,0,0,0,0,0,0,0,0,0,0,0,0,0,0,0,0,0,0,0,0,0,0,0,0,0,0,0,1,0,1,0,0,0,0,2,2,0,1,3,1,2,0,0,6,6,3,3,7,9
0,0,0,0,0,0,0,0,0,0,0,0,0,0,0,0,0,0,0,0,0,0,0,0,0,0,0,0,0,0,0,0,0,1,0,0,0,0,0,0,0,0,0,0,0,2,3,0,0,2,1,2,0,0,6,5,2,3,7,8
0,0,0,0,0,0,0,0,0,0,0,0,0,0,0,0,0,0,0,0,0,0,0,0,0,0,0,0,0,0,0,1,0,0,0,0,0,0,0,0,0,0,0,0,0,2,2,1,1,2,0,3,1,0,6,4,1,3,7,9
0,0,0,0,0,0,0,0,0,0,0,0,0,0,0,0,0,0,0,0,0,0,0,0,0,0,0,0,0,0,0,0,0,1,0,0,0,0,0,0,0,0,0,0,0,0,2,0,2,1,0,2,0,1,6,3,1,2,6,9
0,0,0,0,0,0,0,0,0,0,0,0,0,0,0,0,0,0,0,0,0,0,0,0,0,0,0,0,0,0,0,0,0,0,0,1,0,0,0,0,0,0,0,0,0,0,2,0,2,3,0,4,1,1,6,4,1,2,6,9
0,0,0,0,0,0,0,0,0,0,0,0,0,0,0,0,0,0,0,0,0,0,0,0,0,0,0,0,0,0,0,0,0,0,0,0,0,0,0,0,0,0,0,0,0,0,1,0,1,3,1,2,1,1,5,3,0,3,6,9
0,0,0,0,0,0,0,0,0,0,0,0,0,0,0,0,0,0,0,0,0,0,0,0,0,0,0,0,0,0,0,0,0,0,0,0,0,0,0,0,0,0,0,0,0,0,0,0,0,4,0,3,1,0,5,3,0,1,5,10
0,0,0,0,0,0,0,0,0,0,0,0,0,0,0,0,0,0,0,0,0,0,0,0,0,0,0,0,0,0,0,0,0,0,0,0,0,0,0,0,0,0,0,0,0,0,0,0,0,4,0,3,1,1,5,2,0,2,6,10
0,0,0,0,0,0,0,0,0,0,0,0,0,0,0,0,0,0,0,0,0,0,0,0,0,0,0,0,0,0,0,0,0,0,0,0,0,0,0,0,0,0,0,1,0,0,0,0,0,4,0,2,1,1,5,3,2,0,6,10
0,0,0,0,0,0,0,0,0,0,0,0,0,0,0,0,0,0,0,0,0,0,0,0,0,0,0,0,0,0,0,0,0,0,0,0,0,0,0,0,0,0,0,0,0,0,0,0,0,4,0,1,0,1,5,3,2,0,6,8
0,0,0,0,0,0,0,0,0,0,0,0,0,0,0,0,0,0,0,0,0,0,0,0,0,0,0,0,0,0,0,0,0,0,0,0,0,0,0,0,0,0,0,0,0,0,1,0,2,3,0,1,0,1,6,3,2,0,4,8
0,0,0,0,0,0,0,0,0,0,0,0,0,0,0,0,0,0,0,0,0,0,0,0,0,0,0,0,0,0,0,0,0,0,0,0,0,0,0,0,0,1,0,0,0,0,1,0,1,1,0,0,1,0,6,5,2,0,4,8
0,0,0,0,0,0,0,0,0,0,0,0,0,0,0,0,0,0,0,0,0,0,0,0,0,0,0,0,0,0,0,0,0,0,0,0,0,0,0,0,1,2,0,0,0,1,0,0,1,1,0,0,2,0,6,5,3,0,3,7
0,0,0,0,0,0,0,0,0,0,0,0,0,0,0,0,0,0,0,0,0,0,0,0,0,0,0,0,0,0,0,0,0,0,0,0,0,0,0,0,0,2,0,0,0,0,0,0,2,1,0,0,3,0,5,3,4,1,4,7
0,0,0,0,0,0,0,0,0,0,0,0,0,0,0,0,0,0,0,0,0,0,0,0,0,0,0,0,0,0,0,0,0,0,0,0,0,0,0,0,0,2,0,0,0,0,0,0,2,3,0,0,2,0,6,2,2,1,2,7
0,0,0,0,0,0,0,0,0,0,0,0,0,0,0,0,0,0,0,0,0,0,0,0,0,0,0,0,0,0,0,0,0,0,0,0,0,1,0,0,0,3,0,0,0,0,0,0,2,2,1,0,3,0,5,2,3,0,2,6
0,0,0,0,0,0,0,0,0,0,0,0,0,0,0,0,0,0,0,0,0,0,0,0,0,0,0,0,0,0,0,0,0,0,0,0,0,1,0,0,0,2,0,0,0,0,0,0,0,2,0,0,3,1,6,2,1,1,2,6
0,0,0,0,0,0,0,0,0,0,0,0,0,0,0,0,0,0,0,0,0,0,0,0,0,0,0,0,0,0,0,0,0,0,0,0,0,0,0,0,0,2,0,0,0,0,0,0,1,1,0,0,3,1,8,1,2,2,2,6
0,0,0,0,0,0,0,0,0,0,0,0,0,0,0,0,0,0,0,0,0,0,0,0,0,0,0,0,0,0,0,0,0,0,0,0,1,0,0,0,0,2,0,0,1,0,0,0,1,0,0,0,3,0,8,1,2,0,3,7
0,0,0,0,0,0,0,0,0,0,0,0,0,0,0,0,0,0,0,0,0,0,0,0,0,0,0,0,0,0,0,0,0,0,0,0,0,0,0,0,0,0,0,0,1,0,0,0,1,1,0,1,2,0,8,1,1,1,2,7
0,0,0,0,0,0,0,0,0,0,0,0,0,0,0,0,0,0,0,0,0,0,0,0,0,0,0,0,0,0,0,0,0,0,0,0,0,0,0,0,0,2,0,0,0,0,0,0,1,1,2,0,2,1,9,2,2,1,3,6
0,0,0,0,0,0,0,0,0,0,0,0,0,0,0,0,0,0,0,0,0,0,0,0,0,0,0,0,0,0,0,0,0,0,0,0,0,0,0,0,0,3,0,0,0,0,2,0,0,0,1,0,2,2,7,0,0,1,2,5
0,0,0,0,0,0,0,0,0,0,0,0,0,0,0,0,0,0,0,0,0,0,0,0,0,0,0,0,0,0,0,0,0,0,0,0,0,0,0,0,0,3,0,0,0,1,0,0,0,0,2,1,0,1,8,0,0,0,2,4
0,0,0,0,0,0,0,0,0,0,0,0,0,0,0,0,0,0,0,0,0,0,0,0,0,0,0,0,0,0,0,0,0,0,0,0,0,0,0,0,0,2,0,0,0,2,1,0,0,1,2,0,0,3,9,0,0,0,2,5
0,0,0,0,0,0,0,0,0,0,0,0,0,0,0,0,0,0,0,0,0,0,0,0,0,0,0,0,0,0,0,0,0,0,0,0,0,0,0,0,0,1,0,0,0,2,2,0,1,1,0,0,0,2,8,0,0,1,2,7
0,0,0,0,0,0,0,0,0,0,0,0,0,0,0,0,0,0,0,0,0,0,0,0,0,0,0,0,0,0,0,0,0,0,0,0,0,0,0,0,0,2,0,0,0,1,0,0,0,0,1,0,0,0,8,0,0,2,2,7
0,0,0,0,0,0,0,0,0,0,0,0,0,0,0,0,0,0,0,0,0,0,0,0,0,0,0,0,0,0,0,0,0,0,0,0,0,0,0,0,0,0,0,0,0,2,1,0,0,0,2,0,0,1,7,0,0,2,3,7
0,0,0,0,0,0,0,0,0,0,0,0,0,0,0,0,0,0,0,0,0,0,0,0,0,0,0,0,0,0,0,0,0,0,1,0,0,0,0,0,0,0,0,0,0,1,0,1,0,0,2,0,0,1,8,1,0,0,2,7
0,0,0,0,0,0,0,0,0,0,0,0,0,0,0,0,0,0,0,0,0,0,0,0,0,0,0,0,0,0,0,0,0,0,0,0,0,0,0,0,1,0,0,0,0,1,0,1,0,0,2,0,0,0,8,1,0,1,2,7
0,0,0,0,0,0,0,0,0,0,0,0,0,0,0,0,0,0,0,0,0,0,0,0,0,0,0,0,0,0,0,0,0,0,0,0,0,0,0,0,0,0,0,0,0,2,0,1,0,0,3,0,0,0,7,1,0,2,3,9
0,0,0,0,0,0,0,0,0,0,0,0,0,0,0,0,0,0,0,0,0,0,0,0,0,0,0,0,0,0,0,0,0,0,0,0,0,0,0,0,0,0,0,0,0,1,0,1,0,0,1,0,0,1,5,1,0,1,3,10
0,0,0,0,0,0,0,0,0,0,0,0,0,0,0,0,0,0,0,0,0,0,0,0,0,0,0,0,0,1,0,0,0,0,0,0,0,0,0,0,0,0,0,0,0,1,0,1,0,0,1,0,1,0,5,1,0,2,4,8
0,0,0,0,0,0,0,0,0,0,0,0,0,0,0,0,0,0,0,0,0,0,0,0,0,0,0,0,0,0,0,0,0,0,0,0,0,0,0,0,0,0,0,0,0,1,0,1,0,0,0,0,1,3,4,0,2,1,4,8
0,0,0,0,0,0,0,0,0,0,0,0,0,0,0,0,0,0,0,0,0,0,0,0,0,0,0,0,0,0,0,0,0,1,0,0,0,0,0,0,0,0,1,0,0,1,0,1,0,0,0,0,1,2,5,0,2,2,4,8
0,0,0,0,0,0,0,0,0,0,0,0,0,0,0,0,0,0,0,0,0,0,0,0,0,0,0,0,0,0,0,0,0,0,0,0,0,0,1,0,0,0,0,0,0,0,0,0,0,0,0,1,2,3,5,0,2,2,4,8
0,0,0,0,0,0,0,0,0,0,0,0,0,0,0,0,0,0,0,0,0,0,0,0,0,0,0,0,0,0,0,0,0,0,0,0,0,1,0,0,0,0,0,1,0,0,1,0,0,0,0,1,2,4,4,0,2,2,5,8
0,0,0,0,0,0,0,0,0,0,0,0,0,0,0,0,0,0,0,0,0,0,0,0,0,0,0,0,0,0,0,0,0,0,0,0,0,1,0,0,0,0,0,0,0,0,1,0,0,0,0,1,2,4,5,1,3,2,5,8
0,0,0,0,0,0,0,0,0,0,0,0,0,0,0,0,0,0,0,0,0,0,0,0,0,0,0,0,0,0,0,0,0,0,0,0,0,1,0,0,0,0,0,1,0,0,0,0,0,0,0,2,1,4,4,1,3,0,6,7
0,0,0,0,0,0,0,0,0,0,0,0,0,0,0,0,0,0,0,0,0,0,0,0,0,0,0,0,0,0,0,0,0,0,0,0,0,1,0,0,0,0,0,0,0,0,0,0,0,0,0,2,0,4,3,2,3,1,5,8
0,0,0,0,0,0,0,0,0,0,0,0,0,0,0,0,0,0,0,0,0,0,0,0,0,0,0,0,0,0,0,0,0,0,0,0,0,0,0,0,0,0,0,0,0,0,0,0,0,0,0,2,0,3,2,2,3,0,6,8
0,0,0,0,0,0,0,0,0,0,0,0,0,0,0,0,0,0,0,0,0,0,0,0,0,0,0,0,0,1,1,0,0,0,0,0,0,0,0,0,0,0,0,0,0,0,0,0,0,0,0,1,1,4,3,2,3,0,7,8
0,0,0,0,0,0,0,0,0,0,0,0,0,0,0,0,0,0,0,0,0,0,0,0,0,0,0,0,0,1,1,0,0,0,0,0,0,0,1,0,0,0,0,0,0,0,0,0,0,0,0,0,3,3,3,2,3,0,6,9
0,0,0,0,0,0,0,0,0,0,0,0,0,0,0,0,0,0,0,0,0,0,0,0,0,0,0,0,0,0,1,0,0,0,0,0,0,0,0,0,0,0,0,0,0,0,0,0,0,0,0,1,2,3,3,2,3,0,6,7
0,0,0,0,0,0,0,0,0,0,0,0,0,0,0,0,0,0,0,0,0,0,0,0,0,0,0,0,0,0,0,0,0,0,0,0,0,0,0,0,0,0,0,0,0,0,0,0,0,0,0,1,2,2,3,2,2,0,5,8
0,0,0,0,0,0,0,0,0,0,0,0,0,0,0,0,0,0,0,0,0,0,0,0,0,0,0,0,0,0,1,0,0,0,0,0,0,0,0,0,0,0,0,1,0,0,0,0,0,0,0,1,2,2,3,2,2,0,5,7
0,0,0,0,0,0,0,0,0,0,0,0,0,0,0,0,0,0,0,0,0,0,0,0,0,0,0,0,0,0,1,0,0,0,0,0,0,0,0,0,0,0,0,1,0,0,0,0,0,0,0,0,2,1,2,3,3,0,5,6
0,0,0,0,0,0,0,0,0,0,0,0,0,0,0,0,0,0,0,0,0,0,0,0,0,0,0,0,0,0,1,0,0,0,0,0,0,0,0,0,0,0,0,0,0,0,2,0,0,0,0,1,2,1,2,3,1,0,5,6
0,0,0,0,0,0,0,0,0,0,0,0,0,0,0,0,0,0,0,0,0,0,0,0,0,0,0,0,0,0,0,0,0,0,0,0,0,0,0,0,0,1,0,0,0,0,1,0,0,0,0,0,2,2,2,3,1,0,5,6
0,0,0,0,0,0,0,0,0,0,0,0,0,0,0,0,0,0,0,0,0,0,0,0,0,0,0,0,0,0,0,0,0,0,0,0,0,0,0,0,1,1,0,0,0,0,0,0,0,0,0,0,1,3,1,3,2,0,4,6
0,0,0,0,0,0,0,0,0,0,0,0,0,0,0,0,0,0,0,0,0,0,0,0,0,0,0,0,0,0,0,0,0,1,0,0,0,0,0,0,1,1,0,0,0,0,0,0,0,0,0,0,1,3,0,3,1,0,5,6
0,0,0,0,0,0,0,0,0,0,0,0,0,0,0,0,0,0,0,0,0,0,0,0,0,0,0,0,0,0,0,0,0,0,0,0,0,0,0,0,0,0,0,0,0,0,0,0,0,0,0,0,0,2,0,2,4,0,3,5
0,0,0,0,0,0,0,0,0,0,0,0,0,0,0,0,0,0,0,0,0,0,0,0,0,0,0,0,0,0,0,0,0,0,0,0,0,0,0,0,1,0,0,0,0,1,0,0,0,0,0,0,1,2,0,1,3,0,4,5
0,0,0,0,0,0,0,0,0,0,0,0,0,0,0,0,0,0,0,0,0,0,0,0,0,0,0,0,0,0,0,0,0,0,1,0,0,0,0,0,1,0,0,0,0,1,0,0,0,0,0,0,1,1,1,1,3,1,4,5
0,0,0,0,0,0,0,0,0,0,0,0,0,0,0,0,0,0,0,0,0,0,0,0,0,0,0,0,0,0,0,0,0,0,1,0,0,0,0,1,0,0,0,0,0,1,0,0,0,0,0,0,0,1,1,1,3,2,3,5
0,0,0,0,0,0,0,0,0,0,0,0,0,0,0,0,0,0,0,0,0,0,0,0,0,0,0,0,0,0,0,0,0,0,0,0,0,0,0,1,0,1,0,1,0,0,0,0,0,0,0,0,0,1,1,1,2,3,4,5
0,0,0,0,0,0,0,0,0,0,0,0,0,0,0,0,0,0,0,0,0,0,0,0,0,0,0,0,0,0,0,0,0,0,0,1,0,0,0,1,0,2,0,0,1,1,0,0,0,0,0,0,0,0,0,1,2,3,4,6
0,0,0,0,0,0,0,0,0,0,0,0,0,0,0,0,0,0,0,0,0,0,0,0,0,0,0,0,0,0,0,0,0,0,0,0,0,0,0,1,0,2,0,1,1,0,0,0,0,1,0,0,0,0,0,2,0,3,3,6
0,0,0,0,0,0,0,0,0,0,0,0,0,0,0,0,0,0,0,0,0,0,0,0,0,0,0,0,0,0,0,0,0,0,0,0,0,0,0,1,0,2,0,1,1,0,0,0,0,1,2,0,0,0,0,2,2,3,5,6
0,0,0,0,0,0,0,0,0,0,0,0,0,0,0,0,0,0,0,0,0,0,0,0,0,0,0,0,0,0,0,0,0,0,0,0,0,0,1,0,0,2,0,0,0,0,0,0,1,1,0,1,0,0,2,1,1,3,3,6
0,0,0,0,0,0,0,0,0,0,0,0,0,0,0,0,0,0,0,0,0,0,0,0,0,0,0,0,0,0,0,0,0,0,0,0,0,0,0,0,0,1,0,1,1,0,0,0,2,1,1,2,0,1,0,1,1,0,4,6
0,0,0,0,0,0,0,0,0,0,0,0,0,0,0,0,0,0,0,0,0,0,0,0,0,0,0,0,0,0,0,0,0,0,0,0,0,0,0,0,0,1,0,1,1,0,0,0,1,0,0,2,0,0,1,2,1,1,5,7
0,0,0,0,0,0,0,0,0,0,0,0,0,0,0,0,0,0,0,0,0,0,0,0,0,0,0,0,0,0,0,0,0,0,0,0,0,0,0,0,0,0,0,0,1,0,0,0,0,0,0,1,1,0,1,2,0,1,5,7
0,0,0,0,0,0,0,0,0,0,0,0,0,0,0,0,0,0,0,0,0,0,0,0,0,0,0,0,0,0,0,0,0,0,0,0,1,0,0,0,0,0,0,0,0,1,1,0,0,0,1,1,0,0,0,1,0,0,6,7
0,0,0,0,0,0,0,0,0,0,0,0,0,0,0,0,0,0,0,0,0,0,0,0,0,0,0,0,0,0,0,0,0,0,0,0,1,0,0,0,1,0,0,0,0,1,1,0,0,0,1,2,0,0,2,0,1,0,5,6
0,0,0,0,0,0,0,0,0,0,0,0,0,0,0,0,0,0,0,0,0,0,0,0,0,0,0,0,0,0,0,0,0,0,0,0,0,0,0,0,0,0,0,0,0,0,0,0,0,0,2,2,0,0,2,1,0,1,5,6
0,0,0,0,0,0,0,0,0,0,0,0,0,0,0,0,0,0,0,0,0,0,0,0,0,0,0,0,0,0,0,0,0,0,0,0,0,0,0,0,0,0,0,0,0,1,0,0,0,0,2,1,0,0,2,1,0,3,4,7
0,0,0,0,0,0,0,0,0,0,0,0,0,0,0,0,0,0,0,0,0,0,0,0,0,0,0,0,0,0,0,0,0,0,0,0,0,0,0,0,0,0,0,0,0,0,0,0,1,0,2,1,0,0,3,0,0,3,3,7
0,0,0,0,0,0,0,0,0,0,0,0,0,0,0,0,0,0,0,0,0,0,0,0,0,0,0,0,0,0,0,0,0,0,0,0,0,0,0,0,0,0,0,0,0,0,0,0,2,1,2,0,1,0,3,1,0,5,5,7
0,0,0,0,0,0,0,0,0,0,0,0,0,0,0,0,0,0,0,0,0,0,0,0,0,0,0,0,0,0,0,0,0,0,0,0,0,0,0,0,0,0,0,0,0,0,0,0,0,0,2,0,0,0,2,1,0,4,4,6
0,0,0,0,0,0,0,0,0,0,0,0,0,0,0,0,0,0,0,0,0,0,0,0,0,0,0,0,0,0,0,0,0,0,0,0,0,0,0,0,0,0,0,0,0,0,0,0,1,0,3,0,0,0,1,0,0,5,3,6
0,0,0,0,0,0,0,0,0,0,0,0,0,0,0,0,0,0,0,0,0,0,0,0,0,0,0,0,0,0,0,0,0,0,0,0,0,0,0,0,0,0,0,0,0,0,0,0,0,0,3,0,0,0,2,1,0,5,4,6
0,0,0,0,0,0,0,0,0,0,0,0,0,0,0,0,0,0,0,0,0,0,0,0,0,0,0,0,0,0,0,0,0,0,0,0,0,0,0,0,0,0,0,0,1,0,0,0,0,0,3,0,0,0,1,2,1,7,3,5
0,0,0,0,0,0,0,0,0,0,0,0,0,0,0,0,0,0,0,0,0,0,0,0,0,0,0,0,0,0,0,0,0,0,1,0,0,0,0,0,0,1,0,1,1,0,0,1,0,0,3,0,0,0,2,0,0,7,5,5
0,0,0,0,0,0,0,0,0,0,0,0,0,0,0,0,0,0,0,0,0,0,0,0,0,0,0,0,0,0,0,0,0,0,1,0,0,0,0,0,0,1,0,2,2,0,0,1,0,0,2,1,0,0,2,0,0,8,4,6
0,0,0,0,0,0,0,0,0,0,0,0,0,0,0,0,0,0,0,0,0,0,0,0,0,0,0,0,0,0,0,0,0,0,0,0,0,0,0,0,0,0,0,1,2,0,0,0,0,0,2,1,1,1,1,0,1,6,4,5
0,0,0,0,0,0,0,0,0,0,0,0,0,0,0,0,0,0,0,0,0,0,0,0,0,0,0,0,0,0,0,0,0,0,1,0,0,0,0,1,0,0,0,1,1,0,0,0,0,1,2,1,0,1,0,0,0,7,5,5
0,0,0,0,0,0,0,0,0,0,0,0,0,0,0,0,0,0,0,0,0,0,0,0,0,0,0,0,0,0,0,0,0,0,1,0,0,0,0,1,0,0,0,1,1,0,0,0,1,0,2,1,1,1,1,0,0,5,5,5
0,0,0,0,0,0,0,0,0,0,0,0,0,0,0,0,0,0,0,0,0,0,0,0,0,0,0,0,0,0,0,0,0,0,2,0,0,0,0,1,0,0,0,1,1,0,0,1,0,0,3,0,0,0,0,0,0,5,6,3
0,0,0,0,0,0,0,0,0,0,0,0,0,0,0,0,0,0,0,0,0,0,0,0,0,0,0,0,0,0,0,0,0,0,1,0,0,0,0,1,0,1,0,1,1,0,1,1,0,0,4,0,0,0,0,0,0,5,7,5
0,0,0,0,0,0,0,0,0,0,0,0,0,0,0,0,0,0,0,0,0,0,0,0,0,0,0,0,0,0,0,0,0,0,1,0,0,0,0,1,0,1,1,2,1,0,1,1,2,1,3,1,0,0,0,0,0,6,6,6
0,0,0,0,0,0,0,0,0,0,0,0,0,0,0,0,0,0,0,0,0,0,0,0,0,0,0,0,0,0,0,0,0,0,0,0,0,0,0,1,0,0,1,2,1,0,0,1,2,0,4,0,0,0,0,1,0,5,7,4
0,0,0,0,0,0,0,0,0,0,0,0,0,0,0,0,0,0,0,0,0,0,0,0,0,0,0,0,0,0,0,0,0,0,0,0,0,0,0,0,0,0,0,2,2,1,0,1,1,0,4,0,0,1,0,0,0,5,8,6
0,0,0,0,0,0,0,0,0,0,0,0,0,0,0,0,0,0,0,0,0,0,0,0,0,0,0,0,0,0,0,0,0,0,0,0,0,0,0,1,0,0,0,2,3,1,0,1,0,0,4,0,0,0,0,1,0,4,7,5
0,0,0,0,0,0,0,0,0,0,0,0,0,0,0,0,0,0,0,0,0,0,0,0,0,0,0,0,0,1,0,0,0,0,0,0,0,0,0,0,0,0,0,1,3,0,0,1,2,0,5,0,0,0,0,1,0,4,8,6
0,0,0,0,0,0,0,0,0,0,0,0,0,0,0,0,0,0,0,0,0,0,0,0,0,0,0,0,0,0,0,0,0,0,0,0,0,0,0,0,0,0,0,2,3,0,1,1,2,0,4,0,0,0,0,1,0,4,7,6
0,0,0,0,0,0,0,0,0,0,0,0,0,0,0,0,0,0,0,0,0,0,0,0,0,0,0,0,0,0,1,0,0,0,0,0,0,0,0,0,0,0,0,2,2,0,1,2,1,1,4,0,0,0,0,1,0,3,6,7
0,0,0,0,0,0,0,0,0,0,0,0,0,0,0,0,0,0,0,0,0,0,0,0,0,0,0,0,0,0,1,0,0,0,0,0,0,0,0,0,0,0,0,3,4,0,1,2,2,0,3,0,0,0,0,0,0,3,6,6
0,0,0,0,0,0,0,0,0,0,0,0,0,0,0,0,0,0,0,0,0,0,0,0,0,0,0,0,0,0,0,0,0,0,0,0,0,0,0,0,0,0,0,2,3,0,1,1,1,0,3,0,0,0,0,0,0,4,7,8
0,0,0,0,0,0,0,0,0,0,0,0,0,0,0,0,0,0,0,0,0,0,0,0,0,0,0,0,0,0,0,0,0,0,0,0,0,0,0,0,0,0,0,2,3,0,0,1,1,0,2,1,0,1,0,0,0,3,6,9
0,0,0,0,0,0,0,0,0,0,0,0,0,0,0,0,0,0,0,0,0,0,0,0,0,0,0,0,0,0,0,0,0,0,0,0,0,0,0,0,1,0,0,1,4,0,0,0,1,0,2,0,0,1,1,0,0,4,7,9
0,0,0,0,0,0,0,0,0,0,0,0,0,0,0,0,0,0,0,0,0,0,0,0,0,0,0,0,0,0,0,0,0,0,0,0,0,0,0,0,0,0,0,1,3,0,0,0,0,0,0,0,0,0,0,0,0,4,7,8
0,0,0,0,0,0,0,0,0,0,0,0,0,0,0,0,0,0,0,0,0,0,0,0,0,0,0,0,0,0,0,0,0,0,0,0,0,0,0,0,0,0,0,1,2,0,0,0,0,0,1,0,0,0,0,0,0,4,6,8
0,0,0,0,0,0,0,0,0,0,0,0,0,0,0,0,0,0,0,0,0,0,0,0,0,0,0,0,0,0,0,0,0,0,0,0,1,0,1,0,0,0,0,1,0,1,0,0,0,0,0,0,0,0,1,0,0,2,7,8
0,0,0,0,0,0,0,0,0,0,0,0,0,0,0,0,0,0,0,0,0,0,0,0,0,0,0,0,0,0,0,0,0,0,0,0,0,0,0,0,0,0,0,3,2,1,0,0,0,0,0,0,2,0,3,0,0,3,6,7
0,0,0,0,0,0,0,0,0,0,0,0,0,0,0,0,0,0,0,0,0,0,0,0,0,0,0,0,0,0,0,0,0,0,0,0,1,0,0,0,0,0,0,2,2,0,0,0,0,0,0,0,1,1,3,1,0,3,6,8
0,0,0,0,0,0,0,0,0,0,0,0,0,0,0,0,0,0,0,0,0,0,0,0,0,0,0,0,0,0,0,0,0,0,0,0,0,0,0,0,0,0,0,2,2,2,0,0,0,0,0,0,2,1,2,0,0,3,7,10
0,0,0,0,0,0,0,0,0,0,0,0,0,0,0,0,0,0,0,0,0,0,0,0,0,0,0,0,0,0,0,0,0,0,0,0,0,0,0,0,0,0,0,2,1,1,0,0,0,0,0,0,1,2,4,0,0,3,6,9
0,0,0,0,0,0,0,0,0,0,0,0,0,0,0,0,0,0,0,0,0,0,0,0,0,0,0,0,0,0,0,0,0,0,0,0,0,0,0,0,0,0,1,2,2,0,0,0,0,0,0,0,0,1,3,0,0,4,7,10
0,0,0,0,0,0,0,0,0,0,0,0,0,0,0,0,0,0,0,0,0,0,0,0,0,0,0,0,0,0,0,0,0,0,0,0,0,0,0,0,0,0,0,2,3,0,0,0,0,0,0,0,2,2,3,0,0,4,7,10
0,0,0,0,0,0,0,0,0,0,0,0,0,0,0,0,0,0,0,0,0,0,0,0,0,0,0,0,0,0,0,0,0,0,0,0,0,0,0,0,0,0,0,1,2,0,0,0,0,0,0,0,2,3,3,0,0,3,7,10
0,0,0,0,0,0,0,0,0,0,0,0,0,0,0,0,0,0,0,0,0,0,0,0,0,0,0,0,0,0,0,0,0,0,0,0,0,0,0,0,0,0,0,1,3,0,0,0,0,0,1,0,2,2,3,0,1,1,6,10
0,0,0,0,0,0,0,0,0,0,0,0,0,0,0,0,0,0,0,0,0,0,0,0,0,0,0,0,0,0,0,0,0,0,0,0,0,0,0,0,0,0,0,0,2,0,0,0,0,0,0,2,0,1,3,0,2,1,6,10
0,0,0,0,0,0,0,0,0,0,0,0,0,0,0,0,0,0,0,0,0,0,0,0,0,0,0,0,0,0,0,0,0,0,0,0,0,0,0,0,0,0,0,0,2,0,0,0,0,2,0,2,1,0,3,1,1,1,6,10
0,0,0,0,0,0,0,0,0,0,0,0,0,0,0,0,0,0,0,0,0,0,0,0,0,0,0,0,0,0,0,0,0,0,0,0,0,0,0,0,0,0,1,0,1,0,1,0,0,0,1,3,1,1,1,1,1,0,5,10
0,0,0,0,0,0,0,0,0,0,0,0,0,0,0,0,0,0,0,0,0,0,0,0,0,0,0,0,0,0,0,0,0,0,0,0,0,0,0,0,0,0,0,0,1,0,1,0,0,0,1,3,0,1,2,1,2,0,6,8
0,0,0,0,0,0,0,0,0,0,0,0,0,0,0,0,0,0,0,0,0,0,0,0,0,0,0,0,0,0,0,0,0,0,0,0,0,0,0,0,0,0,0,0,1,0,0,0,0,0,1,2,0,1,1,1,1,1,7,8
0,0,0,0,0,0,0,0,0,0,0,0,0,0,0,0,0,0,0,0,0,0,0,0,0,0,0,0,0,0,0,0,0,0,0,0,0,0,0,0,0,0,0,1,0,1,0,0,0,0,1,3,0,1,0,0,2,0,5,9
0,0,0,0,0,0,0,0,0,0,0,0,0,0,0,0,0,0,0,0,0,0,0,0,0,0,0,0,0,0,0,0,0,0,0,0,0,0,0,0,0,0,0,1,0,2,0,0,1,0,3,3,0,0,1,0,2,2,6,7
0,0,0,0,0,0,0,0,0,0,0,0,0,0,0,0,0,0,0,0,0,0,0,0,0,0,0,0,0,0,0,0,0,0,0,0,0,0,0,0,0,0,0,0,0,1,0,0,1,0,2,2,0,0,0,0,2,3,6,7
0,0,0,0,0,0,0,0,0,0,0,0,0,0,0,0,0,0,0,0,0,0,0,0,0,0,0,0,0,0,0,0,0,0,0,0,0,0,0,0,0,0,0,0,0,1,0,0,0,0,1,2,0,0,0,0,1,3,7,7
0,0,0,0,0,0,0,0,0,0,0,0,0,0,0,0,0,0,0,0,0,0,0,0,0,0,0,0,0,0,0,0,0,0,1,0,0,0,0,0,0,1,0,0,0,1,0,0,0,0,2,2,0,0,0,0,0,2,7,7
0,0,0,0,0,0,0,0,0,0,0,0,0,0,0,0,0,0,0,0,0,0,0,0,0,0,0,0,0,0,0,0,0,0,2,0,0,0,0,0,0,0,0,0,0,1,0,0,0,0,2,1,0,0,1,2,1,2,8,7
0,0,0,0,0,0,0,0,0,0,0,0,0,0,0,0,0,0,0,0,0,0,0,0,0,0,0,0,0,0,0,0,0,0,0,0,0,0,0,0,1,0,0,1,0,1,0,0,0,0,2,2,0,0,1,3,1,3,10,8
0,0,0,0,0,0,0,0,0,0,0,0,0,0,0,0,0,0,0,0,0,0,0,0,0,0,0,0,0,0,0,0,0,0,2,0,0,0,0,1,0,0,0,1,1,1,0,0,0,0,1,1,0,0,0,3,0,2,9,8
0,0,0,0,0,0,0,0,0,0,0,0,0,0,0,0,0,0,0,0,0,0,0,0,0,0,0,0,0,0,0,0,0,0,0,0,0,0,0,2,0,0,0,1,2,0,0,0,1,0,0,1,0,1,0,3,0,2,10,8
0,0,0,0,0,0,0,0,0,0,0,0,0,0,0,0,0,0,0,0,0,0,0,0,0,0,0,0,0,0,0,0,0,0,0,0,0,0,0,1,0,0,0,2,1,0,0,0,1,0,2,1,0,1,0,2,0,3,8,7
0,0,0,0,0,0,0,0,0,0,0,0,0,0,0,0,0,0,0,0,0,0,0,0,0,0,0,0,0,0,0,0,0,0,0,0,0,0,0,1,0,0,0,1,1,0,0,0,0,0,0,1,0,1,0,2,0,3,7,8
0,0,0,0,0,0,0,0,0,0,0,0,0,0,0,0,0,0,0,0,0,0,0,0,0,0,0,0,0,0,0,0,0,0,0,0,0,0,0,0,0,0,0,0,0,0,0,0,2,0,2,0,0,1,0,3,0,5,9,7
0,0,0,0,0,0,0,0,0,0,0,0,0,0,0,0,0,0,0,0,0,0,0,0,0,0,0,0,0,0,0,0,0,0,0,0,0,0,0,0,0,0,0,1,1,0,0,0,1,0,1,0,0,1,0,2,0,5,8,6
0,0,0,0,0,0,0,0,0,0,0,0,0,0,0,0,0,0,0,0,0,0,0,0,0,0,0,0,0,0,0,0,0,0,0,0,0,0,0,0,0,0,0,0,1,1,0,0,3,0,2,0,0,1,0,3,0,3,8,8
0,0,0,0,0,0,0,0,0,0,0,0,0,0,0,0,0,0,0,0,0,0,0,0,0,0,0,0,0,0,0,0,0,0,0,0,0,0,0,0,0,0,0,1,1,0,0,0,3,0,1,0,0,2,0,2,1,4,9,6
0,0,0,0,0,0,0,0,0,0,0,0,0,0,0,0,0,0,0,0,0,0,0,0,0,0,0,0,0,0,0,0,0,0,0,0,0,2,0,0,1,0,0,0,0,0,0,0,1,0,2,0,0,2,1,2,1,4,10,7
0,0,0,0,0,0,0,0,0,0,0,0,0,0,0,0,0,0,0,0,0,0,0,0,0,0,0,0,0,0,0,0,0,0,0,0,0,1,0,0,2,0,0,1,0,0,0,0,1,1,2,0,0,3,0,2,2,4,10,8
0,0,0,0,0,0,0,0,0,0,0,0,0,0,0,0,0,0,0,0,0,0,0,0,0,0,0,0,0,0,0,0,0,0,0,0,0,0,0,0,2,0,0,1,0,0,0,0,0,1,3,0,0,5,1,2,1,4,11,8
0,0,0,0,0,0,0,0,0,0,0,0,0,0,0,0,0,0,0,0,0,0,0,0,0,0,0,0,0,0,0,0,0,0,0,0,0,0,0,0,1,0,0,1,0,0,0,0,0,0,3,0,0,5,1,3,2,4,10,8
0,0,0,0,0,0,0,0,0,0,0,0,0,0,0,0,0,0,0,0,0,0,0,0,0,0,0,0,0,0,0,0,0,0,0,0,0,0,0,0,0,0,0,1,0,0,0,0,0,0,2,0,0,6,1,5,1,5,9,7
0,0,0,0,0,0,0,0,0,0,0,0,0,0,0,0,0,0,0,0,0,0,0,0,0,0,0,0,0,0,0,0,0,0,0,0,0,0,0,0,1,0,0,1,0,0,0,0,0,0,2,1,0,5,1,6,1,4,10,6
0,0,0,0,0,0,0,0,0,0,0,0,0,0,0,0,0,0,0,0,0,0,0,0,0,0,0,0,0,0,0,0,0,0,1,0,0,0,0,0,0,0,0,1,0,1,0,1,0,0,3,1,0,6,1,6,1,4,10,6
0,0,0,0,0,0,0,0,0,0,0,0,0,0,0,0,0,0,0,0,0,0,0,0,0,0,0,0,0,0,0,0,0,0,1,0,0,0,0,0,0,0,0,1,0,0,0,1,0,0,5,0,0,5,1,5,0,5,10,7
0,0,0,0,0,0,0,0,0,0,0,0,0,0,0,0,0,0,0,0,0,0,0,0,0,0,0,0,0,0,0,0,0,0,1,0,1,1,0,0,0,0,0,0,0,0,0,0,0,0,4,0,0,4,1,5,1,5,9,7
0,0,0,0,0,0,0,0,0,0,0,0,0,0,0,0,0,0,0,0,0,0,0,0,0,0,0,0,0,0,0,0,0,0,0,0,2,0,0,0,0,0,1,1,0,0,0,0,1,0,4,0,0,5,0,5,2,4,10,8
0,0,0,0,0,0,0,0,0,0,0,0,0,0,0,0,0,0,0,0,0,0,0,0,0,0,0,0,0,0,0,0,0,1,0,0,0,0,0,0,0,0,1,1,1,0,0,0,1,0,4,0,0,4,0,6,0,4,9,9
0,0,0,0,0,0,0,0,0,0,0,0,0,0,0,0,0,0,0,0,0,0,0,0,2,0,0,0,1,0,0,0,0,2,0,0,3,3,1,1,3,2,3,3,2,0,2,3,3,1,7,3,3,8,3,7,3,5,15,12
0,0,0,0,0,0,0,0,0,0,0,0,0,0,0,0,0,0,0,0,2,0,1,1,3,2,0,2,2,0,2,2,1,4,3,2,4,4,4,4,5,2,4,5,3,3,4,6,4,3,11,7,6,10,2,11,6,7,19,15
0,0,0,0,0,0,0,0,0,0,0,0,0,0,0,0,0,0,0,0,2,1,1,3,3,2,1,3,5,1,3,2,0,3,3,3,5,6,5,5,7,4,6,6,4,3,8,7,6,5,13,8,9,13,5,13,8,10,21,19
0,0,0,0,0,0,0,0,0,0,0,0,0,0,0,1,2,1,0,1,2,3,1,1,2,2,2,4,5,2,4,3,4,5,5,4,6,8,6,6,9,4,8,10,7,6,9,9,7,7,15,11,12,13,5,14,11,12,23,22
0,0,0,0,0,0,0,0,0,0,0,0,0,0,0,0,1,1,0,1,3,4,3,2,4,3,1,4,7,2,6,5,5,7,5,7,6,9,8,8,11,7,9,12,11,10,12,11,11,8,17,13,16,18,8,17,15,14,28,25
0,0,0,0,0,0,0,0,0,0,0,0,0,0,0,0,2,0,0,2,3,4,1,3,4,4,2,6,6,2,9,7,7,8,7,9,7,9,8,9,12,8,9,15,12,10,16,12,12,10,20,17,19,22,10,18,17,18,29,26
0,0,0,0,0,0,0,0,0,0,0,0,1,0,0,1,2,1,0,0,3,6,2,3,6,2,2,7,6,3,9,6,8,10,9,11,9,9,10,11,14,11,10,16,13,11,18,13,14,13,21,20,22,25,12,21,18,19,33,30
0,0,0,0,0,0,0,0,0,0,0,0,0,0,0,1,2,2,0,0,2,4,1,4,5,4,4,8,6,3,8,7,9,11,11,12,12,10,11,12,16,12,10,18,14,12,20,16,17,16,22,22,23,27,14,24,20,21,34,30
0,0,0,0,0,0,0,0,0,0,0,0,0,0,0,1,3,1,1,0,2,4,0,3,5,3,4,9,5,3,7,7,9,13,12,13,12,12,13,14,17,12,11,19,19,12,21,17,20,18,24,26,25,28,16,26,24,23,35,31
0,0,0,0,0,0,0,0,0,0,0,0,0,0,0,1,3,2,1,0,3,5,1,4,6,3,4,10,6,3,9,7,11,14,13,15,15,12,14,16,18,13,13,19,22,14,23,20,23,19,27,27,25,29,18,27,28,24,40,31
0,0,0,0,0,0,0,0,0,0,0,0,0,0,0,0,2,1,1,1,3,5,1,4,5,3,4,8,7,5,10,8,13,14,14,16,16,13,15,18,20,17,15,21,24,17,25,23,24,21,28,28,28,33,19,30,30,27,41,32
0,0,0,0,0,0,0,0,0,0,0,0,0,0,0,0,1,1,1,1,3,7,2,4,7,5,6,10,6,6,11,8,14,16,14,18,17,14,15,20,21,17,16,23,28,19,25,25,24,24,31,30,28,34,21,34,31,27,42,34
0,0,0,0,0,0,0,0,0,0,0,0,0,0,0,0,1,2,0,2,3,8,4,5,9,4,5,11,7,5,11,9,14,17,14,18,18,15,16,20,22,21,17,23,29,20,27,26,26,26,34,33,33,35,24,37,33,31,45,37
0,0,0,0,0,0,0,0,0,0,1,0,0,0,0,0,1,0,2,1,4,6,4,6,9,4,7,12,9,5,13,11,16,17,16,20,20,16,17,23,23,22,18,24,30,22,29,27,29,28,36,35,36,37,27,41,35,32,45,39
0,0,0,0,0,0,0,0,0,0,0,0,0,0,0,0,2,0,1,1,5,8,4,7,9,5,6,12,8,7,14,11,16,18,16,20,20,17,18,23,23,23,19,24,31,22,30,28,30,29,36,37,37,38,29,43,37,36,46,43
0,0,0,0,0,0,0,0,0,0,0,0,0,0,2,0,2,0,2,1,5,7,5,6,9,6,6,12,11,8,14,13,16,17,17,20,22,19,19,26,23,24,19,25,30,23,30,29,31,31,37,39,38,40,30,45,39,38,49,46
0,0,0,0,0,0,0,0,0,0,0,0,0,1,3,0,1,1,1,1,6,7,4,7,9,8,7,12,10,10,16,13,17,18,19,21,23,18,21,28,24,26,20,27,33,24,32,31,30,33,39,42,40,44,33,47,42,41,49,49
0,0,0,0,0,0,0,0,0,0,0,0,0,1,1,0,2,0,2,1,6,8,5,8,10,10,8,12,10,12,17,14,17,19,18,23,24,19,23,30,28,27,23,30,33,25,33,32,32,36,40,43,42,43,33,48,44,42,51,52
0,0,0,0,0,0,0,0,0,0,0,0,0,1,1,0,1,0,3,1,8,8,5,9,9,10,10,13,13,12,17,14,19,20,18,24,24,21,24,31,29,28,24,32,34,27,35,35,34,37,42,45,44,45,35,49,45,42,52,54
0,0,0,0,0,0,0,0,0,0,0,0,0,0,0,0,1,0,3,0,8,9,5,8,10,11,10,14,13,12,18,15,21,21,18,25,27,23,25,31,30,30,25,33,35,29,37,36,36,40,43,46,46,48,36,52,46,45,54,58
0,0,0,0,0,0,0,0,0,0,0,2,0,0,1,0,1,0,4,1,9,9,5,8,11,11,13,14,14,13,18,16,21,22,19,23,29,23,26,31,31,32,26,34,36,30,40,38,36,40,49,48,46,48,38,54,48,47,58,61
0,0,0,0,0,0,0,0,0,0,0,0,0,0,1,1,2,1,3,0,9,8,3,8,11,13,13,15,14,12,17,15,21,22,19,26,29,24,28,32,31,33,26,35,36,31,40,41,37,42,50,49,47,49,38,56,52,49,60,64
0,0,0,0,0,0,0,0,0,0,0,0,1,0,1,2,2,0,4,1,8,9,5,9,12,14,14,15,14,14,18,15,23,23,22,26,30,25,28,33,32,34,28,37,36,32,42,42,38,44,52,52,48,50,42,58,52,51,60,65
0,0,0,0,0,0,0,0,0,0,0,0,1,0,2,1,3,1,5,2,9,8,5,9,11,14,15,15,15,13,18,16,22,23,21,30,30,27,29,33,33,35,29,38,37,33,46,44,39,48,53,51,50,53,44,58,52,53,63,66
0,0,0,0,0,0,0,0,0,0,0,0,0,1,0,0,4,1,2,2,9,9,5,9,12,15,14,17,16,13,19,17,20,23,22,30,29,28,29,34,34,36,29,39,39,33,48,47,41,49,53,52,50,53,44,60,54,56,65,67
0,0,0,0,0,0,0,0,0,0,0,0,1,1,1,1,5,1,3,2,9,10,5,10,12,15,14,17,16,13,20,16,24,20,22,31,31,28,30,35,34,38,29,42,40,35,49,47,43,49,55,53,54,52,46,62,54,59,66,68
0,0,0,0,0,0,0,0,0,0,0,0,0,1,0,0,3,1,3,0,10,10,7,9,11,15,14,18,15,14,19,17,24,22,23,33,32,29,30,36,35,38,30,42,41,37,49,50,43,52,58,54,56,53,47,63,57,60,68,68
0,0,0,0,0,0,0,0,0,0,0,0,0,0,1,0,3,1,2,1,8,10,6,11,14,15,13,18,16,15,19,18,25,21,24,34,32,31,30,37,36,38,32,43,43,35,49,50,43,55,59,57,57,56,49,64,58,60,69,69
0,0,0,0,0,0,0,0,0,0,0,0,0,2,0,0,2,3,3,2,8,11,7,11,13,15,14,20,15,16,19,18,26,23,24,34,32,31,31,36,37,40,35,45,44,37,50,50,45,57,60,57,58,59,51,63,61,61,71,69
0,0,0,0,0,0,0,0,0,0,0,0,1,1,0,0,2,2,3,2,8,10,7,10,14,17,13,19,14,18,19,18,27,25,26,35,34,31,33,39,37,41,35,46,48,38,51,52,46,58,61,59,62,60,52,66,61,64,72,68
0,0,0,0,0,0,0,0,0,0,0,1,0,0,0,0,2,0,2,1,7,11,8,10,14,16,13,18,13,17,21,19,27,23,26,36,33,32,33,37,38,43,36,46,49,37,51,54,47,58,60,59,63,62,54,67,63,67,73,70
0,0,0,0,0,0,0,0,0,0,0,0,0,0,0,0,2,1,2,2,8,10,8,11,13,17,13,19,15,18,22,20,27,24,26,36,33,31,34,38,38,43,36,48,50,39,52,54,48,60,61,61,62,63,58,68,63,70,73,75
0,0,0,0,0,0,0,0,0,0,0,0,0,0,0,0,2,1,2,3,8,10,8,10,14,15,14,16,15,18,23,21,30,27,26,38,35,33,35,39,40,44,37,49,52,40,53,57,50,58,62,62,66,65,59,68,64,71,73,76
0,0,0,0,0,0,0,0,0,0,0,0,1,0,0,0,2,0,3,3,9,10,9,10,15,17,16,18,15,19,22,21,29,27,25,37,35,33,36,40,41,46,38,50,53,41,53,57,50,60,62,62,66,66,59,69,66,71,75,77
0,0,0,0,0,0,0,0,0,0,0,0,0,0,0,0,3,0,2,4,8,10,9,11,13,16,17,18,15,20,24,23,30,29,25,36,35,32,37,42,42,48,41,54,53,43,56,58,52,60,61,64,69,68,61,70,69,72,76,76
0,0,0,0,0,0,0,0,0,0,0,0,0,0,1,0,2,0,4,4,8,9,9,11,13,15,18,19,16,20,24,23,30,31,25,38,34,33,40,42,43,48,43,54,52,43,58,60,53,60,63,64,71,70,63,71,71,73,77,78
0,0,0,0,0,0,0,0,0,0,0,1,0,0,1,0,1,0,4,4,8,9,9,11,13,16,19,20,16,19,24,23,29,32,27,39,36,35,42,42,43,50,42,55,54,44,58,61,55,61,64,66,71,70,64,74,76,74,78,78
0,0,0,0,0,0,0,0,0,0,0,0,0,0,0,0,0,1,4,4,8,10,9,11,14,16,18,19,15,21,25,22,31,33,28,40,36,35,42,42,45,52,44,56,54,44,57,63,57,63,65,66,71,71,66,74,77,74,78,81
0,0,0,0,0,0,0,0,0,0,0,0,0,0,0,0,0,1,6,4,9,9,9,10,16,15,18,19,16,19,25,23,33,33,30,41,38,37,42,44,45,52,45,55,55,46,58,64,58,65,67,67,72,72,68,78,77,76,79,81
0,0,0,0,0,0,0,0,0,0,0,0,0,0,1,1,0,1,6,5,9,9,7,11,15,16,20,20,18,19,25,23,33,33,30,42,39,38,42,45,47,54,46,57,57,46,58,64,57,66,69,68,73,72,69,81,78,78,80,83
0,0,0,0,0,0,0,0,0,0,0,0,0,0,1,0,0,2,6,6,9,10,8,11,16,15,19,21,20,20,24,24,34,32,30,42,39,38,42,45,48,54,47,59,56,47,59,65,59,68,71,69,74,72,70,81,78,81,83,84
0,0,0,0,0,0,0,0,0,0,0,0,0,0,0,0,0,2,6,6,9,9,7,12,17,16,20,20,20,18,25,25,34,32,31,42,41,41,41,46,48,55,49,61,57,48,60,66,63,67,73,70,73,72,71,82,77,82,84,84
0,0,0,0,0,0,0,0,0,0,0,0,0,0,1,0,1,3,4,7,9,9,7,12,16,16,20,21,21,21,24,26,36,35,31,41,41,41,44,47,50,55,49,62,58,49,62,67,63,67,73,73,75,73,71,83,79,84,87,87
0,0,0,0,0,0,0,0,0,0,0,0,0,0,0,0,1,4,5,7,10,10,8,12,18,15,20,21,20,20,24,25,36,36,32,42,39,43,44,47,50,57,50,62,58,51,62,69,66,70,75,75,76,74,73,84,78,85,88,87
0,0,0,0,0,0,0,0,0,0,0,0,0,0,0,0,1,5,4,6,9,10,7,13,16,16,20,20,22,21,25,26,36,36,33,42,41,43,45,48,50,55,51,63,58,52,64,70,64,71,76,75,76,73,73,87,77,87,88,88
0,0,0,0,0,0,0,0,0,0,0,0,0,0,0,0,3,6,4,5,10,10,6,12,18,14,19,21,21,21,25,26,35,36,33,42,40,43,45,47,52,57,51,63,59,54,66,70,65,71,77,76,78,75,75,88,78,90,90,90
0,0,0,0,0,0,0,0,0,0,0,0,0,1,0,0,2,6,4,6,11,10,6,14,18,15,20,21,20,21,25,25,36,37,35,44,41,43,46,49,52,57,53,65,61,55,66,71,66,72,77,76,80,74,76,91,79,89,91,91
0,0,0,0,0,0,0,0,0,0,0,0,0,0,0,0,3,7,5,6,12,11,6,12,18,15,19,20,22,22,27,26,35,39,35,43,41,45,49,49,53,59,54,65,62,55,70,72,67,73,78,77,79,74,78,92,81,90,93,94
0,0,0,0,0,0,0,0,0,0,0,0,0,0,0,0,3,5,5,7,13,11,7,13,19,15,19,20,22,24,27,28,37,39,36,44,44,46,48,51,52,61,55,66,62,56,70,73,69,72,79,78,79,76,78,92,82,90,93,95
0,0,0,0,0,0,0,0,0,0,0,0,0,0,1,0,2,5,4,7,12,11,6,13,19,16,20,19,23,26,28,27,36,39,38,46,44,45,49,50,54,61,56,66,62,57,70,73,71,74,80,78,80,76,79,93,84,91,94,95
0,0,0,0,0,0,0,0,0,0,0,0,0,0,0,1,2,5,4,7,12,11,8,13,18,15,20,21,24,26,31,28,36,36,39,47,45,46,50,50,53,62,56,68,60,55,70,74,71,77,81,81,79,77,80,92,86,92,96,97
0,0,0,0,0,0,0,0,0,0,0,0,0,0,0,0,1,4,3,7,13,12,8,13,18,16,21,20,23,25,30,27,34,38,40,48,45,47,51,51,54,63,57,69,61,58,72,77,74,77,80,82,81,77,81,92,85,92,97,99
0,0,0,0,0,0,0,0,0,0,1,0,0,0,0,1,2,4,3,6,13,11,9,14,17,16,20,21,23,26,31,29,36,39,41,48,46,47,49,52,54,62,56,69,62,56,72,77,74,78,80,83,81,79,83,93,85,93,97,101
0,0,0,0,0,0,0,0,0,0,0,0,0,0,0,0,1,4,2,6,13,11,9,15,18,17,20,21,24,27,30,29,35,39,41,47,47,48,49,52,54,62,58,69,64,58,73,78,75,78,79,85,82,82,83,94,84,94,97,101
0,0,0,0,0,0,0,0,0,0,0,0,0,0,0,1,2,5,3,5,13,10,10,15,18,18,21,21,25,28,31,29,36,41,40,47,47,48,49,53,56,62,59,70,65,58,75,78,73,79,82,85,84,81,83,94,86,94,98,102
0,0,0,0,0,0,0,0,0,0,0,0,0,0,0,2,2,5,2,5,13,10,10,16,18,16,21,22,26,28,32,31,36,42,40,46,46,49,51,53,57,63,58,70,66,59,74,77,75,79,83,87,85,82,85,95,88,96,98,103
0,0,0,0,0,0,0,0,0,0,0,0,0,0,1,2,0,5,2,6,13,11,11,16,18,18,22,22,25,28,32,30,37,43,40,46,46,50,51,55,58,63,61,71,65,60,75,79,75,79,84,87,86,83,86,95,87,97,100,104
0,0,0,0,0,0,0,0,0,0,0,0,0,0,2,2,0,4,3,6,13,11,10,16,19,18,21,21,26,27,31,30,38,43,41,46,48,49,49,57,57,64,60,71,66,60,76,80,76,79,83,88,88,85,87,95,88,97,103,104
0,0,0,0,0,0,0,0,0,0,0,0,0,0,2,2,0,4,1,6,14,13,9,16,18,18,21,21,25,27,33,31,37,44,43,45,48,49,50,58,59,65,62,71,66,61,74,80,76,80,84,88,89,84,89,97,90,97,103,105
0,0,0,0,0,0,0,0,0,0,0,0,0,0,3,2,0,5,2,6,14,12,10,16,19,15,23,20,25,26,33,31,38,44,43,45,48,50,51,58,59,65,61,71,67,62,76,80,77,82,84,89,91,85,89,97,89,97,104,106
0,0,0,0,0,0,0,0,0,0,0,0,0,0,2,3,1,5,1,5,14,14,10,16,20,16,24,21,27,26,35,32,37,45,43,45,49,50,52,59,60,66,62,71,66,63,76,81,77,83,85,88,90,86,90,98,93,99,103,107
0,0,0,0,0,0,0,0,0,0,0,0,0,0,2,3,2,5,0,6,14,14,11,17,20,16,23,22,27,27,36,31,39,45,44,44,49,49,53,59,60,66,62,74,65,64,77,81,77,83,85,89,91,86,90,100,94,98,104,106
0,0,0,0,0,0,0,0,0,0,0,0,0,0,3,1,2,4,1,6,13,15,11,16,21,16,24,22,28,29,35,31,38,45,43,45,51,49,52,59,60,66,61,73,66,65,78,82,78,84,87,88,92,86,91,99,95,98,104,106
0,0,0,0,0,0,0,0,0,0,0,0,0,0,1,2,3,4,0,6,13,15,11,17,22,16,24,23,28,29,35,32,38,45,43,47,51,50,52,60,61,67,60,73,66,65,79,81,78,86,88,89,92,86,92,100,95,101,105,105
0,0,0,0,0,0,0,0,0,0,1,0,0,0,2,1,4,4,1,6,13,15,11,17,21,17,24,24,28,30,35,31,38,47,43,47,50,50,52,61,61,67,61,74,66,67,78,83,78,86,87,90,93,85,94,101,97,101,104,107
0,0,0,0,0,0,0,0,0,0,0,0,1,0,1,1,3,3,1,7,13,16,10,17,22,16,25,25,28,30,34,32,39,48,44,49,50,51,54,61,61,68,61,73,66,68,78,83,79,87,87,89,95,88,94,102,96,102,105,107
0,0,0,0,0,0,0,0,0,0,0,0,1,0,0,1,3,2,1,6,13,16,11,18,22,16,24,26,27,30,34,31,38,47,44,50,49,51,54,61,62,69,63,74,67,68,77,84,80,88,86,89,94,88,94,101,96,102,105,108
0,0,0,0,0,0,0,0,0,0,0,1,2,0,0,1,3,2,0,6,13,17,11,16,20,15,25,26,28,30,34,30,39,48,46,52,51,53,54,62,61,68,63,75,68,68,77,84,79,89,86,89,95,88,95,102,97,102,105,109
0,0,0,0,0,0,0,0,0,0,0,0,1,1,1,2,3,2,0,6,12,17,11,16,21,16,25,26,27,29,33,31,39,47,45,52,52,53,56,60,61,69,65,74,69,70,79,85,79,90,87,89,97,90,97,101,97,103,105,109
0,0,0,0,0,0,0,0,0,0,0,1,1,2,1,2,3,3,0,8,13,17,12,15,21,17,24,26,28,28,34,29,41,48,46,53,52,53,56,61,61,71,66,76,69,71,79,84,80,89,87,90,97,90,98,101,97,102,105,111
0,0,0,0,0,0,0,0,0,0,0,0,1,1,1,2,3,1,1,6,13,18,12,17,20,17,25,24,28,29,34,30,43,47,47,53,53,53,57,60,61,71,66,76,69,70,80,84,79,89,88,92,97,91,98,100,98,104,105,111
0,0,0,0,0,0,0,0,0,0,0,0,1,0,1,3,2,2,0,7,13,18,12,16,20,17,25,26,29,28,34,32,42,47,47,53,52,55,55,59,62,72,68,75,71,70,80,87,81,90,89,94,99,92,99,101,98,104,106,111
0,0,0,0,0,0,0,0,0,0,0,0,0,0,1,2,3,1,1,5,15,18,12,18,20,19,25,25,29,29,34,32,42,47,47,54,54,54,58,60,63,73,69,76,71,71,81,86,81,90,89,95,99,91,100,100,99,105,106,111
0,0,0,0,0,0,0,0,0,0,0,0,0,2,0,2,4,2,2,6,15,19,11,17,21,18,26,26,28,29,33,32,44,46,46,55,54,54,58,59,63,73,69,76,71,72,81,87,81,89,90,96,100,92,100,101,99,106,107,110
0,0,0,0,0,0,0,0,0,0,0,0,0,2,0,3,3,2,2,6,15,18,11,18,24,20,27,27,28,28,33,32,44,46,47,55,54,54,58,60,64,73,70,77,74,72,81,88,83,91,91,97,99,92,101,102,99,107,107,112
0,0,0,0,0,0,0,0,0,0,0,0,0,3,0,5,3,1,2,5,15,18,12,19,24,19,26,26,27,29,33,32,44,47,48,56,54,54,58,60,63,73,68,78,72,74,83,88,85,90,92,97,99,92,103,101,99,108,108,114
0,0,0,0,0,0,0,0,0,0,0,0,0,2,0,6,2,1,3,5,16,19,13,18,24,20,28,28,28,29,33,32,44,46,47,56,56,53,59,60,62,72,69,80,73,75,83,89,85,92,91,98,99,92,104,103,101,111,110,114
0,0,0,0,0,0,0,0,0,0,0,0,0,2,0,6,2,1,4,5,16,18,16,17,24,20,27,28,29,29,34,32,46,46,47,56,57,55,59,61,65,75,69,80,72,75,83,89,85,93,92,98,99,93,105,102,103,111,109,113
0,0,0,0,0,0,0,0,0,0,0,0,0,2,0,6,2,2,3,5,16,17,16,18,23,18,27,27,28,28,35,32,47,46,49,57,58,55,59,60,65,75,70,80,72,76,82,90,86,93,93,99,100,95,105,105,104,113,112,115
0,0,0,0,0,0,0,0,0,0,0,0,0,1,0,6,3,1,3,5,16,17,16,19,24,19,27,28,28,29,36,31,47,45,49,56,58,57,60,62,65,76,70,79,73,76,82,92,85,93,92,99,102,95,106,104,106,114,113,118
0,0,0,0,0,0,0,0,0,0,0,0,1,1,0,4,4,1,3,6,16,18,15,20,23,19,29,27,27,28,36,33,47,46,50,58,57,58,61,62,66,77,71,80,74,77,82,89,86,94,94,99,103,95,106,105,105,115,112,117
0,0,0,0,0,0,0,0,0,0,0,0,0,2,0,3,4,2,4,6,16,16,17,20,23,18,29,27,28,27,36,32,47,47,49,57,58,58,60,63,65,76,71,81,74,77,83,90,86,94,92,100,103,96,105,106,105,115,115,118
0,0,0,0,0,0,0,0,0,0,0,0,0,1,0,3,5,1,3,5,14,16,17,21,21,20,30,28,27,28,36,33,47,46,50,58,58,59,59,63,66,76,72,81,75,77,83,89,85,94,93,98,104,97,107,106,104,115,115,119
0,0,0,0,0,0,0,0,0,0,0,0,0,1,1,3,5,1,3,6,16,16,16,22,22,20,31,27,28,27,36,34,47,47,50,59,58,59,59,62,65,76,73,81,76,78,83,89,84,94,95,99,105,97,107,106,104,114,115,119
0,0,0,0,0,0,0,0,0,0,0,0,0,0,1,2,5,0,3,6,16,16,16,21,22,20,29,28,28,28,36,34,49,46,50,57,58,59,59,62,65,76,73,81,75,78,85,90,85,93,93,100,106,98,106,107,106,115,115,120
0,0,0,0,0,0,0,0,0,0,0,0,0,0,0,1,5,0,2,6,17,16,16,22,21,21,31,28,28,29,36,34,48,48,51,58,57,59,59,62,65,77,74,81,75,79,86,92,86,93,93,101,107,97,107,108,108,116,116,122
0,0,0,0,0,0,0,0,0,0,0,0,0,0,1,2,5,2,4,5,17,15,16,21,21,21,31,29,29,29,35,34,49,48,51,57,57,58,59,61,66,77,74,83,76,79,86,93,87,93,93,101,108,99,108,107,107,116,117,121
0,0,0,0,0,0,0,0,0,0,0,0,0,0,1,1,5,1,5,5,17,14,15,22,21,20,29,29,29,28,37,33,50,50,51,56,57,59,58,61,67,78,74,80,76,80,87,94,87,93,93,101,109,99,109,108,109,119,117,122
0,0,0,0,0,0,0,0,0,0,0,0,0,0,1,1,4,3,4,5,16,15,15,21,22,20,30,29,30,30,36,34,50,50,51,56,57,60,59,60,68,78,74,80,77,80,87,94,88,94,94,102,109,98,110,108,109,119,118,123
0,0,0,0,0,0,0,0,0,0,0,0,0,0,1,2,5,2,2,6,16,14,16,21,23,20,30,30,29,30,36,34,52,49,51,55,58,60,60,61,68,79,73,80,76,80,87,93,86,96,95,103,108,100,110,108,109,120,117,124
0,0,0,0,0,0,0,0,0,0,0,0,0,0,1,3,4,3,4,4,16,14,16,20,22,20,30,30,29,29,35,35,50,50,52,57,59,60,60,63,68,77,74,80,78,82,88,95,88,97,96,102,109,100,112,109,110,122,117,125
0,0,0,0,0,0,0,0,0,0,0,0,1,0,3,2,4,2,4,6,15,15,16,20,22,21,31,29,29,29,34,35,52,50,51,55,58,60,60,63,68,79,74,80,77,83,88,94,90,97,97,102,108,101,111,109,110,121,118,126
0,0,0,0,0,0,0,0,0,0,0,0,2,0,2,2,4,1,2,9,16,15,16,19,22,21,29,29,29,31,36,36,51,51,50,56,59,60,60,65,69,78,74,81,77,83,88,95,90,97,97,103,108,100,113,109,112,121,118,127
0,0,0,0,0,0,0,0,0,0,0,0,1,0,2,0,4,2,4,8,16,16,15,20,23,21,29,29,28,31,36,35,51,51,51,57,59,60,60,66,69,77,73,81,77,84,89,95,92,97,99,102,109,101,114,109,110,122,117,127
0,0,0,0,0,0,0,0,0,0,0,0,1,0,1,1,5,1,5,8,15,16,15,21,21,20,29,29,29,31,37,35,50,53,51,57,58,61,60,66,68,78,76,79,77,84,90,94,93,97,97,102,109,102,113,111,111,122,119,128
0,0,0,0,0,0,0,0,0,0,0,0,1,0,0,1,4,1,5,9,16,17,16,22,21,20,29,29,30,31,37,35,51,53,52,58,59,61,60,66,68,78,76,80,78,84,89,95,93,97,97,102,110,102,113,112,111,123,119,128
0,0,0,0,0,0,0,0,0,0,0,0,0,0,0,1,3,1,5,8,15,18,16,22,21,21,29,29,29,30,36,35,50,53,52,58,60,61,63,67,69,78,77,80,78,84,90,96,93,98,96,101,109,102,114,112,111,123,119,128
0,0,0,0,0,0,0,0,0,0,0,0,0,0,0,2,3,2,5,8,16,17,15,22,21,21,28,30,29,31,35,36,50,53,51,59,61,62,62,68,69,78,76,80,78,85,89,95,93,96,97,101,110,103,116,112,111,123,119,128
0,0,0,0,0,0,0,0,0,0,0,0,0,0,1,0,3,2,4,8,15,17,16,22,23,20,29,28,30,31,35,36,49,53,52,61,60,62,63,68,70,79,76,80,78,84,88,96,93,97,96,101,109,103,115,111,112,125,119,127
0,0,0,0,0,0,0,0,0,0,0,0,0,0,1,1,4,1,3,9,15,17,15,22,23,20,28,30,30,30,35,36,49,52,51,60,60,63,65,68,69,80,75,79,78,83,89,97,94,97,97,102,109,103,116,113,113,125,120,128
0,0,0,0,0,0,0,0,1,0,0,0,0,0,1,0,3,0,2,8,14,17,16,23,23,19,29,31,29,32,35,35,50,54,52,60,62,64,66,67,70,80,75,80,79,84,89,96,94,97,98,103,109,104,116,114,113,125,119,128
0,0,0,0,0,0,0,0,1,0,0,0,0,0,0,0,3,1,3,9,14,16,16,23,22,22,27,30,30,32,35,37,49,54,52,61,60,64,66,68,72,80,76,80,80,85,89,96,95,97,99,103,108,104,113,115,114,125,120,128
0,0,0,0,0,0,0,0,0,0,0,0,2,0,1,0,3,2,2,7,14,17,15,25,22,22,29,31,30,32,35,37,48,53,52,61,61,64,67,67,71,81,76,80,79,85,89,97,96,96,100,105,109,105,116,116,114,125,120,128
0,0,0,0,0,0,0,0,0,0,0,0,0,0,1,0,4,0,3,8,14,18,16,23,23,22,28,31,30,33,35,39,49,54,52,61,61,65,67,68,72,81,77,80,79,86,88,97,95,97,100,105,111,105,116,115,114,125,121,127
0,0,0,0,0,0,0,0,0,0,0,0,1,0,0,0,2,1,4,9,14,20,15,24,22,21,28,30,31,33,36,39,48,52,52,60,62,65,67,67,72,80,79,80,80,85,89,97,95,99,101,105,111,106,115,115,113,125,122,128
0,0,0,0,0,0,0,0,0,0,0,0,0,0,0,0,3,1,5,8,15,20,16,23,23,21,28,30,32,35,35,39,48,54,52,60,60,65,66,67,73,81,78,79,81,85,88,97,94,98,101,105,110,108,117,116,114,125,121,128
0,0,0,0,0,0,0,0,0,0,0,0,0,0,0,0,3,2,5,7,15,19,15,22,23,21,30,31,31,32,36,40,47,53,52,60,61,66,67,65,74,81,78,79,81,87,89,97,95,98,101,104,110,108,117,116,115,126,121,129
0,0,0,0,0,0,0,0,0,0,0,0,0,0,0,2,3,2,5,6,15,19,17,23,24,21,31,31,31,33,37,39,47,54,52,59,62,66,69,66,74,82,78,81,83,86,90,97,96,97,101,104,110,108,117,117,115,125,122,130
0,0,0,0,0,0,0,0,0,0,0,0,0,0,0,3,3,0,5,6,16,18,16,23,24,21,30,32,31,32,37,40,46,54,52,60,61,67,68,67,73,81,77,80,84,86,90,97,96,98,101,104,109,110,117,117,116,126,122,131
0,0,0,0,0,0,0,0,0,0,0,0,0,0,0,2,3,0,5,6,14,19,18,23,24,19,29,31,31,32,37,39,46,53,53,60,62,66,70,67,74,82,78,81,84,86,91,97,95,98,102,105,110,110,117,118,116,126,122,131
0,0,0,0,0,0,0,0,0,0,0,0,0,0,0,3,2,0,4,7,15,18,19,23,24,20,31,31,32,32,37,40,47,54,53,62,62,64,69,67,74,82,78,82,85,87,91,97,96,100,101,105,108,111,119,117,117,126,122,132
0,0,0,0,0,0,0,0,0,0,0,1,0,0,0,3,3,0,4,7,15,18,18,25,23,21,30,30,31,30,37,40,47,55,53,62,61,65,69,67,73,82,78,81,85,88,91,96,94,101,102,107,109,111,120,118,117,125,123,132
0,0,0,0,0,0,0,0,0,0,0,0,0,0,0,2,3,0,3,8,16,18,18,25,24,21,30,30,32,30,36,40,49,55,53,61,63,64,69,67,74,82,77,82,86,87,91,97,95,101,101,105,109,110,120,117,117,126,123,132
0,0,0,0,0,0,0,0,0,0,0,1,0,0,0,3,2,0,3,8,13,20,18,24,24,21,31,30,33,30,36,41,49,55,53,61,63,65,69,66,74,82,77,83,85,87,92,95,93,100,100,105,109,110,120,118,119,126,123,130
0,0,0,0,0,0,0,0,0,0,0,1,0,0,0,3,2,0,2,7,16,20,19,24,24,20,30,29,34,30,35,41,49,54,54,61,62,63,70,67,75,82,76,83,85,86,92,95,93,101,101,106,110,111,121,119,119,126,123,132
0,0,0,0,0,0,0,0,0,0,0,0,0,0,0,4,2,0,3,7,16,20,18,24,25,21,29,30,34,32,36,42,49,55,54,62,63,63,68,68,75,80,75,84,85,85,92,95,93,100,103,107,110,111,120,118,120,126,125,133
0,0,0,0,0,0,0,0,0,0,0,0,0,0,0,5,2,0,1,8,15,20,19,24,24,21,30,29,33,31,35,42,48,55,53,64,63,65,69,68,73,81,75,85,85,86,92,96,93,100,102,107,110,110,120,118,120,126,125,132
0,0,0,0,0,0,0,0,0,0,0,0,0,0,1,3,2,0,2,8,15,18,19,24,25,20,29,29,33,33,36,42,47,57,53,63,64,64,68,69,76,82,75,84,85,86,93,95,93,100,104,107,111,110,119,119,122,126,125,133
0,0,0,0,0,0,0,0,0,0,0,0,0,0,1,3,2,0,2,7,15,20,20,24,24,20,30,28,34,32,36,43,47,57,53,63,65,64,70,69,76,81,75,85,85,86,92,95,94,98,104,107,112,110,120,120,122,126,126,132
0,0,0,0,0,0,0,0,0,0,0,0,0,0,0,2,2,0,1,6,13,18,19,21,24,18,30,27,32,31,36,42,47,57,52,62,63,64,69,67,73,80,73,82,83,86,91,93,93,99,104,106,112,111,118,119,121,126,125,132
0,0,0,0,0,0,0,0,0,0,0,0,0,0,0,1,0,0,1,6,12,17,18,21,23,18,27,26,31,30,35,41,47,55,52,61,63,63,68,67,74,79,73,82,83,84,91,92,93,99,103,105,110,110,118,118,119,125,124,130
0,0,0,0,0,0,0,0,0,0,0,0,0,0,0,0,0,0,0,4,11,17,17,21,22,17,27,26,31,29,34,41,45,54,51,59,61,62,68,65,72,78,73,82,82,83,89,91,91,98,102,103,109,109,117,116,120,123,124,130
0,0,0,0,0,0,0,0,0,0,0,0,0,0,0,0,0,0,0,3,10,15,15,18,21,16,28,23,29,29,33,39,44,53,50,60,61,60,66,64,71,77,71,80,80,81,88,91,91,96,102,103,109,108,116,116,119,122,123,130
0,0,0,0,0,0,0,0,0,0,0,0,0,0,0,0,0,0,0,2,8,15,15,19,20,16,25,24,28,28,32,39,45,52,51,58,59,60,65,63,70,76,71,80,79,83,87,91,90,96,100,102,107,108,114,113,120,121,123,130
0,0,0,0,0,0,0,0,0,0,0,0,0,0,0,0,0,0,0,2,7,14,13,18,18,17,26,23,27,26,32,37,44,51,48,58,58,59,63,63,70,75,70,80,79,82,87,89,89,95,100,102,107,108,114,114,119,121,121,128
0,0,0,0,0,0,0,0,0,0,0,0,0,0,0,0,0,0,0,0,6,14,15,18,17,15,24,22,26,25,31,37,44,52,48,57,57,57,63,64,69,76,70,78,79,81,85,89,89,93,99,101,106,108,113,112,117,121,121,127
0,0,0,0,0,0,0,0,0,0,0,0,0,0,0,0,0,0,0,1,6,12,13,15,17,15,23,22,25,23,30,36,43,49,48,56,56,57,63,62,68,74,70,77,77,79,84,88,87,94,99,100,105,108,113,111,118,121,120,127
0,0,0,0,0,0,0,0,0,0,0,0,0,0,0,0,0,0,0,0,6,12,12,16,16,15,23,22,24,22,28,36,42,50,48,56,56,57,63,62,67,74,69,77,77,79,84,87,87,92,97,99,104,106,111,111,117,120,119,125
0,0,0,0,0,0,0,0,0,0,0,0,0,0,0,0,0,0,0,0,5,11,11,14,16,14,22,20,24,23,28,35,42,49,46,56,55,55,62,62,66,74,68,75,76,77,83,86,87,91,97,98,105,106,111,110,116,119,118,125
0,0,0,0,0,0,0,0,0,0,0,0,0,0,0,0,0,0,0,0,5,11,11,15,16,15,22,20,23,21,27,34,42,48,45,54,54,54,62,60,64,73,67,76,75,77,83,84,84,90,96,98,104,104,108,110,115,118,118,124
0,0,0,0,0,0,0,0,0,0,0,0,0,0,0,0,0,0,0,0,3,10,11,13,14,13,20,19,23,21,25,33,40,47,45,54,54,53,60,61,64,72,65,74,74,76,82,84,85,89,95,98,103,104,109,109,114,118,117,123
0,0,0,0,0,0,0,0,0,0,0,0,0,0,0,0,0,0,0,0,2,8,10,13,15,12,20,19,22,19,26,33,40,47,44,54,52,52,60,59,63,71,64,74,73,75,81,82,84,87,95,97,104,104,109,109,112,116,116,122
0,0,0,0,0,0,0,0,0,0,0,0,0,0,0,0,0,0,0,0,2,9,10,13,14,12,20,17,21,19,26,32,40,45,44,53,51,51,59,60,62,70,64,74,71,75,81,83,83,88,95,96,103,101,107,107,113,117,115,122
0,0,0,0,0,0,0,0,0,0,0,0,0,0,0,0,0,0,0,0,1,8,10,11,12,11,17,17,21,17,25,31,39,45,44,53,51,51,57,58,62,70,63,72,71,74,82,82,83,87,92,95,102,101,108,106,112,116,114,120
0,0,0,0,0,0,0,0,0,0,0,0,0,0,0,0,0,0,0,0,0,6,9,11,11,9,18,17,19,17,23,30,38,45,43,53,51,51,58,57,61,69,63,72,70,74,81,81,82,87,93,94,102,99,107,106,112,115,114,120
0,0,0,0,0,0,0,0,0,0,0,0,0,0,0,0,0,0,0,0,1,6,8,11,10,9,17,15,18,16,23,29,37,43,42,52,51,49,57,56,61,68,62,71,70,74,81,80,81,86,93,94,101,99,105,105,112,114,113,120
0,0,0,0,0,0,0,0,0,0,0,0,0,0,0,0,0,0,0,0,0,6,8,10,8,7,17,14,17,16,21,29,37,44,42,52,49,50,55,55,60,68,63,70,69,73,81,79,81,85,92,93,100,99,104,104,111,113,112,119
0,0,0,0,0,0,0,0,0,0,0,0,0,0,0,0,0,0,0,0,0,5,7,8,8,8,16,14,17,15,21,29,35,44,41,51,49,49,54,54,59,66,61,70,68,72,80,78,81,85,91,93,100,98,104,102,110,112,112,119
0,0,0,0,0,0,0,0,0,0,0,0,0,0,0,0,0,0,0,0,0,4,6,8,5,6,15,14,15,13,20,27,35,42,40,49,48,48,54,55,59,66,61,69,67,72,79,78,81,84,90,93,100,97,103,102,110,111,111,118
0,0,0,0,0,0,0,0,0,0,0,0,0,0,0,0,0,0,0,0,0,4,5,8,6,6,13,12,15,13,19,27,34,42,41,49,48,48,55,54,59,65,61,69,66,69,79,78,81,83,90,91,98,96,102,102,109,112,113,117
0,0,0,0,0,0,0,0,0,0,0,0,0,0,0,0,0,0,0,0,0,3,4,6,5,6,13,12,13,12,19,25,32,40,40,47,47,47,54,52,57,65,60,68,65,70,79,77,79,83,90,91,98,95,102,102,108,109,112,117
0,0,0,0,0,0,0,0,0,0,0,0,0,0,0,0,0,0,0,0,0,3,4,5,4,5,13,12,14,14,18,25,32,41,40,48,47,46,54,52,56,64,59,67,64,69,78,76,79,82,89,90,96,93,100,102,108,109,112,115
0,0,0,0,0,0,0,0,0,0,0,0,0,0,0,0,0,0,0,0,0,2,2,5,4,4,13,10,13,12,17,24,32,40,38,48,47,47,54,51,56,65,59,67,64,68,77,76,78,82,89,88,96,94,101,102,107,107,111,117
0,0,0,0,0,0,0,0,0,0,0,0,0,0,0,0,0,0,0,0,0,1,3,3,2,4,12,11,13,11,16,23,31,39,37,47,46,46,53,52,55,64,58,66,63,66,77,75,78,80,87,88,95,94,99,102,106,109,110,116
0,0,0,0,0,0,0,0,0,0,0,0,0,0,0,0,0,0,0,0,0,0,0,3,3,2,11,10,12,10,16,22,30,38,36,47,46,45,52,50,54,63,57,65,63,65,75,74,77,80,87,87,94,93,99,100,105,107,109,116
0,0,0,0,0,0,0,0,0,0,0,0,0,0,0,0,0,0,0,0,0,0,2,2,2,2,11,9,13,8,15,22,28,38,35,46,44,44,51,51,54,64,56,65,63,66,75,73,76,79,85,87,95,93,98,100,105,106,107,115
0,0,0,0,0,0,0,0,0,0,0,0,0,0,0,0,0,0,0,0,0,0,1,2,1,2,9,8,12,9,15,22,29,36,34,46,43,42,52,49,52,62,54,65,61,64,74,74,76,78,86,86,94,93,97,99,104,107,108,114
0,0,0,0,0,0,0,0,0,0,0,0,0,0,0,0,0,0,0,0,0,0,2,1,0,1,9,7,12,7,14,21,28,35,33,45,43,43,50,49,52,62,53,64,62,63,74,73,75,78,86,85,94,91,97,99,105,106,106,112
0,0,0,0,0,0,0,0,0,0,0,0,0,0,0,0,0,0,0,0,0,0,0,2,1,1,8,6,11,8,12,20,27,36,31,44,42,40,50,48,50,63,53,63,61,61,71,72,74,76,85,85,93,90,96,99,103,105,106,112
0,0,0,0,0,0,0,0,0,0,0,0,0,0,0,0,0,0,0,0,0,0,0,1,1,0,8,5,11,8,13,20,27,34,31,42,41,41,49,47,51,61,52,63,61,61,71,71,74,76,84,85,91,90,96,99,103,104,105,111
0,0,0,0,0,0,0,0,0,0,0,0,0,0,0,0,0,0,0,0,0,0,0,1,0,0,7,3,10,8,12,19,26,34,30,42,41,39,48,47,51,62,52,61,60,60,71,72,73,75,84,84,91,89,95,98,102,104,105,110
0,0,0,0,0,0,0,0,0,0,0,0,0,0,0,0,0,0,0,0,0,0,0,0,0,0,6,3,10,8,11,19,25,34,30,40,41,38,48,46,51,60,52,61,58,59,69,70,72,75,83,84,92,89,95,98,102,103,103,109
0,0,0,0,0,0,0,0,0,0,0,0,0,0,0,0,0,0,0,0,0,0,0,0,0,0,5,2,8,7,11,17,25,34,29,39,40,38,46,45,48,60,51,59,60,59,69,69,71,73,84,82,91,88,93,98,102,103,104,109
0,0,0,0,0,0,0,0,0,0,0,0,0,0,0,0,0,0,0,0,0,0,0,0,0,0,5,1,7,6,10,17,23,34,28,39,39,38,46,46,48,59,50,59,60,58,68,69,72,72,84,82,91,87,93,96,102,100,102,109
0,0,0,0,0,0,0,0,0,0,0,0,0,0,0,0,0,0,0,0,0,0,0,0,0,0,4,1,6,6,10,14,23,33,27,38,39,36,44,43,48,58,50,58,61,58,67,67,71,71,84,83,90,86,93,97,100,101,102,108
0,0,0,0,0,0,0,0,0,0,0,0,0,0,0,0,0,0,0,0,0,0,0,0,0,0,4,0,6,5,9,14,21,32,26,36,39,36,44,43,46,58,49,56,60,57,66,66,69,72,83,81,89,87,91,97,101,101,101,108
0,0,0,0,0,0,0,0,0,0,0,0,0,0,0,0,0,0,0,0,0,0,0,0,0,0,3,0,4,4,8,13,21,32,26,37,37,34,43,43,46,57,48,56,59,56,65,66,69,72,83,81,88,87,90,96,101,100,99,106
0,0,0,0,0,0,0,0,0,0,0,0,0,0,0,0,0,0,0,0,0,0,0,0,0,0,3,0,4,3,7,14,20,30,25,36,37,34,42,42,45,57,48,55,58,56,64,65,68,71,83,80,87,86,90,95,99,101,99,107
0,0,0,0,0,0,0,0,0,0,0,0,0,0,0,0,0,0,0,0,0,0,0,0,0,0,1,0,4,3,7,14,19,31,25,35,37,33,42,41,44,56,48,54,56,54,64,65,68,71,82,80,86,86,90,95,100,98,99,107
0,0,0,0,0,0,0,0,0,0,0,0,0,0,0,0,0,0,0,0,0,0,0,0,0,0,2,0,3,3,7,13,19,31,23,34,35,34,42,41,45,56,46,54,56,54,63,65,66,69,81,80,86,84,88,94,99,98,97,107
0,0,0,0,0,0,0,0,0,0,0,0,0,0,0,0,0,0,0,0,0,0,0,0,0,0,2,0,3,2,6,12,17,29,23,33,36,33,42,41,44,55,47,53,56,54,61,64,66,70,80,78,85,84,88,94,98,99,97,106
0,0,0,0,0,0,0,0,0,0,0,0,0,0,0,0,0,0,0,0,0,0,0,0,0,0,1,0,1,3,6,11,17,29,23,32,36,33,40,41,43,54,46,51,55,53,61,64,66,68,79,78,86,83,87,93,98,98,95,105
0,0,0,0,0,0,0,0,0,0,0,0,0,0,0,0,0,0,0,0,0,0,0,0,0,0,1,0,1,0,4,10,15,27,22,32,34,33,40,41,43,52,45,52,54,51,59,64,64,67,78,76,85,83,86,92,97,98,95,103
0,0,0,0,0,0,0,0,0,0,0,0,0,0,0,0,0,0,0,0,0,0,0,0,0,0,1,0,2,1,4,10,16,27,21,30,35,33,39,40,41,52,45,53,54,51,59,62,64,66,77,76,84,81,85,92,96,98,94,104
0,0,0,0,0,0,0,0,0,0,0,0,0,0,0,0,0,0,0,0,0,0,0,0,0,0,0,0,0,0,4,9,14,27,21,29,34,32,40,40,41,50,45,51,53,49,58,62,64,66,77,76,85,81,85,92,96,98,95,104
0,0,0,0,0,0,0,0,0,0,0,0,0,0,0,0,0,0,0,0,0,0,0,0,0,0,0,0,1,0,4,9,14,26,21,28,33,31,38,39,40,50,45,51,53,50,57,61,63,66,75,73,84,80,84,91,95,98,94,102
0,0,0,0,0,0,0,0,0,0,0,0,0,0,0,0,0,0,0,0,0,0,0,0,0,0,0,0,0,0,4,9,14,24,21,26,33,29,38,38,40,48,45,50,52,49,57,62,64,66,74,74,85,81,83,89,95,97,93,102
0,0,0,0,0,0,0,0,0,0,0,0,0,0,0,0,0,0,0,0,0,0,0,0,0,0,0,0,0,0,2,8,12,24,20,27,31,29,37,38,39,48,43,48,51,48,57,60,64,66,74,73,84,80,83,90,93,97,94,100
0,0,0,0,0,0,0,0,0,0,0,0,0,0,0,0,0,0,0,0,0,0,0,0,0,0,0,0,0,0,3,6,12,22,21,26,32,28,36,37,38,48,43,49,49,47,57,60,62,65,74,72,83,78,82,91,93,96,94,99
0,0,0,0,0,0,0,0,0,0,0,0,0,0,0,0,0,0,0,0,0,0,0,0,0,0,0,0,0,0,3,7,12,23,20,26,31,26,37,37,38,47,42,46,49,47,54,60,62,64,73,72,82,79,83,90,92,96,93,99
0,0,0,0,0,0,0,0,0,0,0,0,0,0,0,0,0,0,0,0,0,0,0,0,0,0,0,0,0,0,2,9,11,22,20,25,31,26,35,37,37,46,41,46,50,47,55,60,62,63,72,72,83,78,81,89,92,95,93,98
0,0,0,0,0,0,0,0,0,0,0,0,0,0,0,0,0,0,0,0,0,0,0,0,0,0,0,0,0,0,0,7,9,22,19,25,28,25,36,37,36,45,42,45,48,46,55,60,61,61,71,71,82,77,82,90,91,94,92,97
0,0,0,0,0,0,0,0,0,0,0,0,0,0,0,0,0,0,0,0,0,0,0,0,0,0,0,0,0,0,1,7,10,21,18,24,29,23,34,36,35,44,41,44,49,45,55,59,61,61,71,71,81,76,81,89,89,94,92,97
0,0,0,0,0,0,0,0,0,0,0,0,0,0,0,0,0,0,0,0,0,0,0,0,0,0,0,0,0,0,1,6,8,20,18,22,29,24,34,36,34,46,40,45,48,43,55,58,60,60,70,70,80,76,80,89,90,92,91,96
0,0,0,0,0,0,0,0,0,0,0,0,0,0,0,0,0,0,0,0,0,0,0,0,0,0,0,0,0,0,0,7,8,20,16,23,29,24,32,36,34,44,41,44,48,43,53,58,59,60,68,69,81,76,80,88,89,92,91,96
0,0,0,0,0,0,0,0,0,0,0,0,0,0,0,0,0,0,0,0,0,0,0,0,0,0,0,0,0,0,1,7,8,19,16,23,28,24,33,34,34,43,40,44,47,43,55,58,59,59,68,69,80,75,80,88,88,91,90,96
0,0,0,0,0,0,0,0,0,0,0,0,0,0,0,0,0,0,0,0,0,0,0,0,0,0,0,0,0,0,0,7,8,19,16,21,28,21,31,34,33,43,39,43,47,41,54,57,58,58,67,68,80,76,79,88,89,90,90,95
0,0,0,0,0,0,0,0,0,0,0,0,0,0,0,0,0,0,0,0,0,0,0,0,0,0,0,0,0,0,0,6,6,18,15,21,29,21,32,34,32,41,38,42,46,42,54,56,58,57,67,68,80,75,79,88,88,90,89,95
0,0,0,0,0,0,0,0,0,0,0,0,0,0,0,0,0,0,0,0,0,0,0,0,0,0,0,0,0,0,0,6,5,17,16,21,28,19,32,33,31,41,38,42,46,42,53,55,57,57,66,68,79,73,78,88,88,89,88,93
0,0,0,0,0,0,0,0,0,0,0,0,0,0,0,0,0,0,0,0,0,0,0,0,0,0,0,0,0,0,0,5,5,18,14,21,28,19,31,33,30,41,37,41,47,42,52,55,57,55,66,68,79,73,78,86,89,90,86,93
0,0,0,0,0,0,0,0,0,0,0,0,0,0,0,0,0,0,0,0,0,0,0,0,0,0,0,0,0,0,0,4,4,17,14,21,28,18,31,33,30,40,37,41,44,40,52,54,58,54,65,67,80,72,78,86,87,88,87,93
0,0,0,0,0,0,0,0,0,0,0,0,0,0,0,0,0,0,0,0,0,0,0,0,0,0,0,0,0,0,0,3,4,16,14,19,28,17,31,32,31,41,36,41,45,41,51,53,57,55,64,67,77,71,77,86,86,88,86,92
0,0,0,0,0,0,0,0,0,0,0,0,0,0,0,0,0,0,0,0,0,0,0,0,0,0,0,0,0,0,0,2,3,15,12,19,27,17,31,32,30,39,37,40,43,41,50,52,56,54,64,67,77,71,77,85,85,88,86,92
0,0,0,0,0,0,0,0,0,0,0,0,0,0,0,0,0,0,0,0,0,0,0,0,0,0,0,0,0,0,0,2,2,14,12,17,26,15,29,31,29,39,37,40,44,38,50,51,57,54,63,66,75,70,76,85,84,87,84,90
0,0,0,0,0,0,0,0,0,0,0,0,0,0,0,0,0,0,0,0,0,0,0,0,0,0,0,0,0,0,0,1,2,13,12,17,25,16,29,31,28,39,36,40,45,39,50,51,54,54,62,65,75,70,75,84,83,88,85,90
0,0,0,0,0,0,0,0,0,0,0,0,0,0,0,0,0,0,0,0,0,0,0,0,0,0,0,0,0,0,0,2,2,12,12,16,24,15,29,30,28,37,36,39,44,38,50,51,54,51,62,65,73,69,75,84,83,87,84,90
0,0,0,0,0,0,0,0,0,0,0,0,0,0,0,0,0,0,0,0,0,0,0,0,0,0,0,0,0,0,1,1,2,13,11,14,23,15,28,29,26,37,33,38,44,38,50,51,53,52,62,65,73,69,75,83,83,86,83,89
0,0,0,0,0,0,0,0,0,0,0,0,0,0,0,0,0,0,0,0,0,0,0,0,0,0,0,0,0,0,0,1,0,11,10,16,23,15,27,29,26,37,35,38,44,37,50,50,53,52,61,63,74,68,75,82,82,85,82,90
0,0,0,0,0,0,0,0,0,0,0,0,0,0,0,0,0,0,0,0,0,0,0,0,0,0,0,0,0,0,0,0,1,11,10,14,22,14,26,28,25,36,35,37,44,37,50,51,52,52,61,62,72,67,74,81,81,86,82,89
0,0,0,0,0,0,0,0,0,0,0,0,0,0,0,0,0,0,0,0,0,0,0,0,0,0,0,0,0,0,0,0,0,9,8,14,21,13,26,27,24,35,34,36,43,36,48,50,51,51,60,62,72,68,74,82,81,86,80,87
0,0,0,0,0,0,0,0,0,0,0,0,0,0,0,0,0,0,0,0,0,0,0,0,0,0,0,0,0,0,0,0,0,9,9,14,20,14,24,26,24,35,33,35,43,36,48,48,50,51,60,61,72,67,73,82,80,87,82,87
0,0,0,0,0,0,0,0,0,0,0,0,0,0,0,0,0,0,0,0,0,0,0,0,0,0,0,0,0,0,0,0,0,8,9,13,20,12,25,26,24,35,32,35,42,36,46,49,50,50,59,61,71,66,73,81,79,86,82,87
0,0,0,0,0,0,0,0,0,0,0,0,0,0,0,0,0,0,0,0,0,0,0,0,0,0,0,0,0,0,0,0,0,8,9,13,21,12,24,26,23,34,32,34,41,36,46,49,50,50,59,61,72,66,73,81,79,85,79,86
0,0,0,0,0,0,0,0,0,0,0,0,0,0,0,0,0,0,0,0,0,0,0,0,0,0,0,0,0,0,0,0,0,7,7,12,20,11,23,25,23,33,31,34,42,35,46,48,49,51,59,60,72,66,73,81,78,85,80,87
0,0,0,0,0,0,0,0,0,0,0,0,0,0,0,0,0,0,0,0,0,0,0,0,0,0,0,0,0,0,0,0,0,6,8,11,20,10,23,25,22,31,32,32,40,34,45,47,50,50,59,59,72,65,73,79,78,83,80,85
0,0,0,0,0,0,0,0,0,0,0,0,0,0,0,0,0,0,0,0,0,0,0,0,0,0,0,0,0,0,0,0,0,7,6,11,19,11,21,24,22,32,32,33,40,34,45,47,49,50,57,59,70,64,71,80,78,84,78,85
0,0,0,0,0,0,0,0,0,0,0,0,0,0,0,0,0,0,0,0,0,0,0,0,0,0,0,0,0,0,0,0,0,7,5,10,19,10,21,24,20,31,32,32,39,33,44,46,48,49,57,58,70,63,71,80,78,84,78,86
0,0,0,0,0,0,0,0,0,0,0,0,0,0,0,0,0,0,0,0,0,0,0,0,0,0,0,0,0,0,0,0,0,5,5,9,18,10,20,22,19,31,30,32,39,31,44,45,48,50,56,58,69,63,71,78,78,83,78,84
0,0,0,0,0,0,0,0,0,0,0,0,0,0,0,0,0,0,0,0,0,0,0,0,0,0,0,0,0,0,0,0,0,4,3,9,19,9,19,21,20,30,30,33,38,32,44,45,47,50,56,59,67,64,69,78,77,82,78,84
0,0,0,0,0,0,0,0,0,0,0,0,0,0,0,0,0,0,0,0,0,0,0,0,0,0,0,0,0,0,0,0,0,3,5,8,18,9,18,22,18,31,30,32,39,31,44,43,47,49,55,57,67,65,70,78,77,81,78,81
0,0,0,0,0,0,0,0,0,0,0,0,0,0,0,0,0,0,0,0,0,0,0,0,0,0,0,0,0,0,0,0,0,3,5,7,18,9,18,19,18,30,28,31,39,31,43,43,48,49,55,58,67,64,69,78,76,81,77,83
0,0,0,0,0,0,0,0,0,0,0,0,0,0,0,0,0,0,0,0,0,0,0,0,0,0,0,0,0,0,0,0,0,2,4,7,17,8,17,19,18,30,29,30,37,29,43,42,47,49,54,59,65,63,69,76,77,79,75,82
0,0,0,0,0,0,0,0,0,0,0,0,0,0,0,0,0,0,0,0,0,0,0,0,0,0,0,0,0,0,0,0,0,2,4,6,16,8,17,19,17,30,28,29,37,30,43,42,47,47,54,58,65,62,70,77,77,79,76,81
0,0,0,0,0,0,0,0,0,0,0,0,0,0,0,0,0,0,0,0,0,0,0,0,0,0,0,0,0,1,0,0,0,1,2,6,16,6,16,19,18,29,27,29,36,29,41,42,46,48,53,58,63,61,67,77,74,79,75,81
0,0,0,0,0,0,0,0,0,0,0,0,0,0,0,0,0,0,0,0,0,0,0,0,0,0,0,0,0,0,0,0,0,1,3,6,14,7,16,18,19,29,27,28,37,29,42,41,46,47,53,57,64,61,67,76,75,78,74,80
0,0,0,0,0,0,0,0,0,0,0,0,0,0,0,0,0,0,0,0,0,0,0,0,0,0,0,0,0,0,0,0,0,1,1,6,14,6,15,17,18,28,26,28,36,30,41,40,46,47,52,56,63,60,67,76,74,78,75,80
0,0,0,0,0,0,0,0,0,0,0,0,0,0,0,0,0,0,0,0,0,0,0,0,0,0,0,0,0,0,0,0,0,0,1,5,14,6,14,17,19,27,27,29,36,30,41,39,45,46,52,56,62,60,65,74,75,78,74,79
0,0,0,0,0,0,0,0,0,0,0,0,0,0,0,0,0,0,0,0,0,0,0,0,0,0,0,0,0,0,0,0,0,0,1,5,12,4,13,16,17,26,26,27,35,28,41,38,45,46,51,55,62,60,66,74,74,77,72,78
0,0,0,0,0,0,0,0,0,0,0,0,0,0,0,0,0,0,0,0,0,0,0,0,0,0,0,0,0,0,0,0,0,0,1,5,12,4,12,16,18,27,26,27,33,28,40,37,44,45,51,55,63,60,64,75,75,77,73,78
0,0,0,0,0,0,0,0,0,0,0,0,0,0,0,0,0,0,0,0,0,0,0,0,0,0,0,0,0,0,0,0,0,0,0,4,10,4,11,15,17,27,25,26,33,28,40,38,45,45,50,54,61,59,64,74,74,76,73,77
0,0,0,0,0,0,0,0,0,0,0,0,0,0,0,0,0,0,0,0,0,0,0,0,1,0,0,0,0,0,0,0,0,0,0,4,10,4,12,16,16,26,23,26,33,27,40,36,45,44,51,54,61,58,65,73,73,75,72,76
0,0,0,0,0,0,0,0,0,0,0,0,0,0,0,0,0,0,0,0,0,0,0,0,0,0,0,0,0,0,0,0,0,0,0,4,9,5,10,15,17,28,24,25,32,26,41,36,45,43,50,52,60,57,63,73,73,74,72,78
0,0,0,0,0,0,0,0,0,0,0,0,0,0,0,0,0,0,0,0,0,0,0,0,0,0,0,0,0,0,0,0,0,0,0,2,8,5,9,15,15,28,23,25,31,27,40,37,45,43,49,53,60,58,63,72,73,75,71,77
0,0,0,0,0,0,0,0,0,0,0,0,0,0,0,0,0,0,0,0,0,0,0,0,0,0,0,0,0,0,0,0,0,1,0,1,8,2,9,15,16,26,23,25,30,27,39,35,46,43,49,52,59,58,61,71,72,73,70,78
0,0,0,0,0,0,0,0,0,0,0,0,0,0,0,0,0,0,0,0,0,0,0,0,0,0,0,0,0,0,0,0,0,0,0,1,7,3,9,15,16,28,23,25,30,28,38,35,46,43,50,51,59,56,62,72,71,72,69,79
0,0,0,0,0,0,0,0,0,0,0,0,0,0,0,0,0,0,0,0,0,0,0,0,0,0,0,0,0,0,0,0,0,0,0,1,7,1,8,13,15,26,22,24,28,27,39,35,45,44,49,52,58,57,63,70,71,72,68,78
0,0,0,0,0,0,0,0,0,0,0,0,0,0,0,0,0,0,0,0,0,0,0,0,0,0,0,0,0,0,0,0,0,0,0,1,7,0,7,15,15,25,20,25,29,27,38,35,44,43,47,50,57,56,62,71,69,72,68,78
0,0,0,0,0,0,0,0,0,0,0,0,0,0,0,0,0,0,0,0,0,0,0,0,0,0,0,0,0,0,0,0,0,0,0,1,6,0,7,12,14,26,20,23,28,27,37,35,45,43,46,50,57,57,62,71,69,70,65,76
0,0,0,0,0,0,0,0,0,0,0,0,0,0,0,0,0,0,0,0,0,0,0,0,0,0,0,0,0,0,0,0,0,0,0,0,4,0,7,12,13,24,21,24,28,27,37,34,44,42,47,49,58,54,62,70,68,71,66,76
0,0,0,0,0,0,0,0,0,0,0,0,0,0,0,0,0,0,0,0,0,0,0,0,0,0,0,0,0,0,0,0,0,0,0,0,5,0,7,10,13,24,19,24,28,26,38,35,43,42,46,48,56,55,61,70,68,70,65,77
0,0,0,0,0,0,0,0,0,0,0,0,0,0,0,0,0,0,0,0,0,0,0,0,0,0,0,0,0,0,0,0,0,0,0,0,4,0,6,12,12,23,21,23,28,25,38,33,42,41,46,49,57,54,61,69,67,70,63,78
0,0,0,0,0,0,0,0,0,0,0,0,0,0,0,0,0,0,0,0,0,0,0,0,0,0,0,0,0,0,0,0,0,0,0,0,3,1,7,11,12,23,20,23,28,23,38,32,42,41,45,48,56,54,61,67,66,69,63,77
0,0,0,0,0,0,0,0,0,0,0,0,0,0,0,0,0,0,0,0,0,0,0,0,0,0,0,0,0,0,0,0,0,0,0,0,2,1,6,11,11,22,20,22,29,24,37,32,42,39,44,46,57,55,59,68,67,69,64,77
0,0,0,0,0,0,0,0,0,0,0,0,0,0,0,0,0,0,0,0,0,0,0,0,0,0,0,0,1,0,0,0,0,0,0,0,2,0,5,10,10,21,20,22,28,24,36,30,42,40,45,46,57,55,60,68,67,67,62,76
0,0,0,0,0,0,0,0,0,0,0,0,0,0,0,0,0,0,0,0,0,0,0,0,0,0,0,0,0,0,0,0,0,0,0,0,1,0,5,10,10,22,19,22,27,24,36,29,43,38,44,47,56,53,60,68,65,67,62,76
0,0,0,0,0,0,0,0,0,0,0,0,0,0,0,0,0,0,0,0,0,0,0,0,0,0,0,0,0,0,0,0,0,0,0,0,1,0,5,9,9,22,19,22,26,23,36,29,43,38,44,46,56,53,59,67,65,66,61,75
0,0,0,0,0,0,0,0,0,0,0,0,0,0,0,0,0,0,0,0,0,0,0,0,0,0,0,0,0,0,0,0,0,0,0,0,1,0,4,10,9,20,19,22,25,22,36,29,42,39,44,46,55,52,60,68,65,66,61,75
0,0,0,0,0,0,0,0,0,0,0,0,0,0,0,0,0,0,0,0,0,0,0,0,0,0,0,0,0,0,0,0,0,0,0,0,0,0,4,9,9,21,17,22,25,21,34,29,42,38,44,45,55,51,59,68,65,65,61,73
0,0,0,0,0,0,0,0,0,0,0,0,0,0,0,0,0,0,0,0,0,0,0,0,0,0,0,0,0,0,0,0,0,0,0,0,1,0,1,9,8,22,17,22,25,21,34,28,40,38,44,45,54,51,59,67,64,63,62,74
0,0,0,0,0,0,0,0,0,0,0,0,0,0,0,0,0,0,0,0,0,0,0,0,0,0,0,0,0,0,0,0,0,0,0,0,1,0,1,8,8,21,17,22,24,21,34,28,41,36,45,46,54,50,58,67,64,63,60,73
0,0,0,0,0,0,0,0,0,0,0,0,0,0,0,0,0,0,0,0,0,0,0,0,0,0,0,0,0,0,0,0,0,0,0,0,1,0,0,8,8,19,17,22,25,19,32,28,40,36,44,46,54,49,59,65,63,63,60,73
0,0,0,0,0,0,0,0,0,0,0,0,0,0,0,0,0,0,0,0,0,0,0,0,0,0,0,0,0,0,0,0,0,0,0,0,1,0,0,9,8,19,17,22,24,20,33,28,40,35,43,46,53,49,59,64,63,62,60,72
0,0,0,0,0,0,0,0,0,0,0,0,0,0,0,0,0,0,0,0,0,0,0,0,0,0,0,0,0,0,0,0,0,1,0,0,0,0,0,8,8,19,16,21,24,20,32,27,39,36,44,45,52,50,58,64,62,62,60,73
0,0,0,0,0,0,0,0,0,0,0,0,0,0,0,0,0,0,0,0,0,0,0,0,0,0,0,0,0,0,0,0,0,0,0,0,0,0,0,7,9,18,16,22,23,19,31,27,39,35,43,43,52,48,58,62,62,62,59,72
0,0,0,0,0,0,0,0,0,0,0,0,0,0,0,0,0,0,0,0,0,0,0,0,0,0,0,0,1,0,0,0,0,0,0,0,0,0,0,6,8,18,14,22,22,19,31,28,38,34,43,43,50,48,57,62,62,62,60,72
0,0,0,0,0,0,0,0,0,0,0,0,0,0,0,0,0,0,0,0,0,0,0,0,0,0,0,0,0,0,0,0,0,0,0,0,0,0,0,7,9,18,15,22,21,18,31,28,38,34,43,43,49,47,57,61,62,62,59,72
0,0,0,0,0,0,0,0,0,0,0,0,0,0,0,0,0,0,0,0,0,0,0,0,0,0,0,0,0,0,0,0,0,0,0,0,0,0,0,5,8,18,14,21,21,18,29,27,38,36,42,44,47,46,56,60,62,62,59,71
0,0,0,0,0,0,0,0,0,0,0,0,0,0,0,0,0,0,0,0,0,0,0,0,0,0,0,0,0,0,0,0,0,0,0,0,0,0,0,5,8,17,14,20,20,17,30,26,37,35,42,44,48,46,55,60,62,61,58,71
0,0,0,0,0,0,0,0,0,0,0,0,0,0,0,0,0,0,0,0,0,0,0,0,0,0,0,0,0,0,0,0,0,0,0,1,0,0,0,4,6,17,14,20,20,17,29,25,37,36,42,44,48,44,55,58,61,61,59,69
0,0,0,0,0,0,0,0,0,0,0,0,0,0,0,0,0,0,0,0,0,0,0,0,0,0,0,0,0,0,0,0,0,0,0,0,0,1,1,4,5,17,14,19,19,17,30,24,36,35,41,44,49,44,54,58,60,60,57,70
0,0,0,0,0,0,0,0,0,0,0,0,0,0,0,0,0,0,0,0,0,0,0,0,0,0,0,0,0,0,0,0,0,0,0,0,0,0,1,3,5,17,13,20,19,16,30,24,36,34,42,42,49,44,52,58,60,59,58,70
0,0,0,0,0,0,0,0,0,0,0,0,0,0,0,0,0,0,0,0,0,0,0,0,0,0,0,0,0,0,0,0,0,0,0,0,0,0,0,4,4,18,14,19,18,16,28,25,35,34,41,43,48,44,52,59,58,58,58,69
0,0,0,0,0,0,0,0,0,0,0,0,0,0,0,0,0,0,0,0,0,0,0,0,0,0,0,0,0,0,0,0,0,0,0,0,0,0,0,3,4,16,14,18,17,16,29,23,35,34,41,42,48,43,53,58,58,58,56,69
0,0,0,0,0,0,0,0,0,0,0,0,0,0,0,0,0,0,0,0,0,0,0,0,0,0,0,0,0,0,0,0,0,0,0,0,0,0,0,3,4,16,14,17,17,15,29,23,33,34,40,43,48,43,52,58,59,58,57,69
0,0,0,0,0,0,0,0,0,0,0,0,0,0,0,0,0,0,0,0,0,0,0,0,0,0,0,0,0,0,0,0,0,0,0,0,0,0,0,2,4,16,13,18,18,14,28,23,34,34,41,42,47,43,52,57,56,59,56,69
0,0,0,0,0,0,0,0,0,0,0,0,0,0,0,0,0,0,0,0,0,0,0,0,0,0,0,0,0,0,0,0,0,0,0,0,0,0,0,3,3,16,13,17,18,13,28,22,34,33,39,42,47,43,51,56,56,58,56,69
0,0,0,0,0,0,0,0,0,0,0,0,0,0,0,0,0,0,0,0,0,0,0,0,0,0,0,0,0,0,0,0,0,0,0,0,0,0,0,2,2,15,12,17,19,12,28,21,34,32,39,42,47,43,50,57,56,57,55,68
0,0,0,0,0,0,0,0,0,0,0,0,0,0,0,0,0,0,0,0,0,0,0,0,0,0,0,0,0,0,0,0,0,2,0,0,0,0,0,0,2,15,12,16,18,12,28,20,33,32,38,42,47,42,51,55,56,57,55,67
0,0,0,0,0,0,0,0,0,0,0,0,0,0,0,0,0,0,0,0,0,0,0,0,0,0,0,0,0,0,0,0,0,1,0,0,0,0,0,0,3,15,11,16,18,12,28,19,33,32,38,42,47,43,49,55,56,56,53,67
0,0,0,0,0,0,0,0,0,0,0,0,0,0,0,0,0,0,0,0,0,0,0,0,0,0,0,0,0,0,0,0,0,0,0,0,0,0,0,0,4,14,10,14,17,11,27,20,32,31,38,42,46,42,48,56,55,56,53,68
0,0,0,0,0,0,0,0,0,0,0,0,0,0,0,0,0,0,0,0,0,0,0,0,0,0,0,0,0,0,0,0,0,0,0,0,0,0,0,0,5,15,11,15,18,11,26,21,31,31,37,40,46,42,49,55,55,56,53,67
0,0,0,0,0,0,0,0,0,0,0,0,0,0,0,0,0,0,0,0,0,0,0,0,0,0,0,0,0,0,0,0,0,0,0,0,0,0,0,0,5,13,10,14,19,9,27,21,31,30,37,41,45,41,48,55,54,55,53,67
0,0,0,0,0,0,0,0,0,0,0,0,0,0,0,0,0,0,0,0,0,0,0,0,0,0,0,0,0,0,0,0,0,0,0,0,0,0,0,0,4,14,9,13,20,9,25,20,30,29,36,41,45,40,48,55,55,56,52,67
0,0,0,0,0,0,0,0,0,0,0,0,0,0,0,0,0,0,0,0,0,0,0,0,0,0,0,0,0,0,0,0,0,0,0,0,0,1,0,1,3,14,9,13,19,7,25,21,28,30,35,40,44,41,47,55,55,55,52,67
0,0,0,0,0,0,0,0,0,0,0,0,0,0,0,0,0,0,0,0,0,0,0,0,0,0,0,0,0,0,0,0,0,0,0,0,0,0,0,0,2,13,8,11,19,8,26,20,30,29,33,40,44,41,48,54,54,54,51,67
0,0,0,0,0,0,0,0,0,0,0,0,0,0,0,0,0,0,0,0,0,0,0,0,0,0,0,0,0,0,0,0,0,0,0,0,0,0,0,0,3,12,8,11,19,9,25,20,27,28,33,39,43,40,47,53,54,54,52,66
0,0,0,0,0,0,0,0,0,0,0,0,0,0,0,0,0,0,0,0,0,0,0,0,0,0,0,0,0,0,0,0,0,0,0,0,0,0,0,0,2,13,8,11,20,7,25,19,29,28,33,40,42,41,46,54,52,54,53,67
0,0,0,0,0,0,0,0,0,0,0,0,0,0,0,0,0,0,0,0,0,0,0,0,0,0,0,0,0,0,0,0,0,0,0,0,1,0,0,0,3,12,8,10,17,8,25,19,27,27,32,40,41,41,46,53,51,52,54,68
0,0,0,0,0,0,0,0,0,0,0,0,0,0,0,0,0,0,0,0,0,0,0,0,0,0,0,0,0,0,0,0,0,0,0,0,0,0,1,0,3,12,8,10,18,8,25,18,27,27,32,39,41,41,46,51,51,52,54,65
0,0,0,0,0,0,0,0,0,0,0,0,0,0,0,0,0,0,0,0,0,0,0,0,0,0,0,0,0,0,0,0,0,0,0,0,0,0,0,0,3,13,7,9,19,6,25,18,27,27,32,38,40,41,45,51,51,50,54,65
0,0,0,0,0,0,0,0,0,0,0,0,0,0,0,0,0,0,0,0,0,0,0,0,0,0,0,0,0,0,0,0,0,0,1,0,0,0,0,0,3,12,7,10,18,7,25,18,27,26,31,37,40,40,45,50,51,50,54,64
0,0,0,0,0,0,0,0,0,0,0,0,0,0,0,0,0,0,0,0,0,0,0,0,0,0,0,0,0,0,0,0,0,0,0,0,0,0,0,0,3,11,6,10,18,7,26,17,26,28,31,37,39,40,46,50,51,51,54,64
0,0,0,0,0,0,0,0,0,0,0,0,0,0,0,0,0,0,0,0,0,0,0,0,0,0,0,0,0,0,0,0,0,0,0,0,0,0,0,1,3,10,5,9,17,6,24,18,26,27,31,36,38,40,45,49,51,49,52,65
0,0,0,0,0,0,0,0,0,0,0,0,0,0,0,0,0,0,0,0,0,0,0,0,0,0,0,0,0,0,0,0,0,0,0,0,0,0,0,1,2,11,6,9,16,6,24,19,25,27,31,36,38,39,46,49,51,49,53,64
0,0,0,0,0,0,0,0,0,0,0,0,0,0,0,0,0,0,0,0,0,0,0,0,0,0,0,0,0,0,0,0,0,0,0,0,0,2,0,0,2,10,7,7,15,5,24,18,24,26,31,36,38,38,46,49,49,48,53,64
0,0,0,0,0,0,0,0,0,0,0,0,0,0,0,0,0,0,0,0,0,0,0,0,0,0,0,0,0,0,0,0,0,0,0,0,0,1,0,0,2,9,7,8,15,5,22,17,25,25,31,36,38,38,46,49,48,49,52,64
0,0,0,0,0,0,0,0,0,0,0,0,0,0,0,0,0,0,0,0,0,0,0,0,0,0,0,0,0,0,0,0,0,0,0,0,0,0,1,0,1,10,8,7,15,4,22,17,25,25,30,37,36,37,45,48,49,49,52,64
0,0,0,0,0,0,0,0,0,0,0,0,0,0,0,0,0,0,0,0,0,0,0,0,1,0,0,0,0,0,0,0,0,2,0,0,0,1,1,0,0,9,7,7,14,4,23,17,24,24,30,34,36,35,44,48,47,49,51,65
